spectrum_id,compound_name,CAS_number,adhesive_class,spectral_type,wavenumber_range,measurement_conditions,instrument,baseline_correction_method,source_database,source_doi,Q_SNR,Q_res,Q_base,Q_peak,Q_total,qc_disposition,data_quality_notes
SPEC-00695,Vinyltrimethoxysilane,2768-02-7,Silicone,Raman,200-3500 cm-1,"25C, N2 purge",WITec alpha300,Rubberband,NIST WebBook,10.8583/cd48d27e,0.774,0.834,0.896,0.607,0.78,ACCEPT,
SPEC-00200,Hydroxypropyl methacrylate,27813-02-1,Acrylic/PSA,Raman,200-3500 cm-1,"25C, N2 purge",Thermo DXR3,SNIP,KnowItAll,10.2943/624d569e,0.678,0.986,0.944,0.653,0.803,ACCEPT,
SPEC-00186,Methyl methacrylate,80-62-6,Acrylic/PSA,Raman,200-3500 cm-1,"Ambient, 785nm laser",WITec alpha300,Rubberband,PubChem,10.7504/8cba5b61,0.97,0.67,0.947,0.67,0.83,ACCEPT,
SPEC-00316,Nitrile rubber,9003-18-3,Rubber-based,Raman,200-3500 cm-1,"Room temperature, ambient atmosphere",WITec alpha300,Rubberband,PubChem,10.7468/7856705a,0.953,0.79,0.947,0.791,0.879,ACCEPT,
SPEC-00785,Methyl cyanoacrylate,137-05-3,Cyanoacrylate,IR,650-4000 cm-1,"25C, N2 purge",JASCO FT/IR-6600,Rubberband,NIST WebBook,10.5496/20938547,0.767,0.87,0.663,0.898,0.798,ACCEPT,
SPEC-00094,Acrylic acid,79-10-7,Acrylic/PSA,FTIR,650-4000 cm-1,"23C, dry air",Bruker Vertex 70,ALS,SDBS,10.7242/afabd21c,0.838,0.782,0.853,0.869,0.833,ACCEPT,
SPEC-00342,Polybutadiene,9003-17-2,Rubber-based,Raman,200-3500 cm-1,"23C, dry air",Thermo DXR3,Rubberband,KnowItAll,10.1230/e87177b6,0.988,0.753,0.567,0.68,0.783,ACCEPT,
SPEC-00686,Methyltrimethoxysilane,1185-55-3,Silicone,IR,650-4000 cm-1,"Room temperature, ambient atmosphere",PerkinElmer Spectrum Two,Polynomial (3rd order),NIST WebBook,10.5412/af6dade8,0.66,0.784,0.868,0.792,0.759,ACCEPT,
SPEC-00907,Hexamethylene diisocyanate,822-06-0,Polyurethane,FTIR,650-4000 cm-1,"25C, N2 purge",Thermo Nicolet iS50,SNIP,SpectraBase,10.8308/7619959d,0.744,0.833,0.913,0.901,0.831,ACCEPT,
SPEC-00025,Methyl acrylate,96-33-3,Acrylic/PSA,FTIR,650-4000 cm-1,"23C, dry air",JASCO FT/IR-6600,SNIP,Open SPECY,10.3144/5b0a4459,0.977,0.682,0.872,0.695,0.826,ACCEPT,
SPEC-00188,Isobutyl methacrylate,97-86-9,Acrylic/PSA,Raman,200-3500 cm-1,"25C, N2 purge",WITec alpha300,ALS,NIST WebBook,10.5215/d37a13c8,0.745,0.924,0.699,0.892,0.81,ACCEPT,
SPEC-00944,Methylene diphenyl diisocyanate,101-68-8,Polyurethane,Raman,200-3500 cm-1,"Room temperature, ambient atmosphere",Bruker Senterra II,Rubberband,NIST WebBook,10.1699/9df7ab68,0.889,0.802,0.668,0.95,0.835,ACCEPT,
SPEC-00084,Methyl methacrylate,80-62-6,Acrylic/PSA,FTIR,650-4000 cm-1,"Ambient, KBr pellet",JASCO FT/IR-6600,ALS,SpectraBase,10.2480/4b719f17,0.866,0.694,0.858,0.715,0.791,ACCEPT,
SPEC-00154,2-Ethylhexyl acrylate,103-11-7,Acrylic/PSA,Raman,200-3500 cm-1,"25C, N2 purge",WITec alpha300,SNIP,PubChem,10.1424/3f2cf457,0.835,0.759,0.842,0.7,0.79,ACCEPT,
SPEC-00307,Natural rubber,9006-04-6,Rubber-based,Raman,200-3500 cm-1,"25C, N2 purge",Thermo DXR3,Rubberband,PubChem,10.8855/6e4c0000,0.96,0.797,0.72,0.818,0.843,ACCEPT,
SPEC-00241,Polyisoprene,9003-31-0,Rubber-based,FTIR,650-4000 cm-1,"25C, N2 purge",Bruker Vertex 70,Rubberband,PubChem,10.3692/930f98ba,0.666,0.884,0.56,0.737,0.714,FLAG,
SPEC-00925,Polycaprolactone diol,36890-68-3,Polyurethane,Raman,200-3500 cm-1,"23C, dry air",Horiba LabRAM HR,ALS,PubChem,10.7958/3e1a3f1a,0.698,0.985,0.867,0.751,0.814,ACCEPT,
SPEC-00518,Epichlorohydrin,106-89-8,Epoxy,IR,650-4000 cm-1,"Room temperature, ambient atmosphere",PerkinElmer Spectrum Two,Rubberband,KnowItAll,10.7488/47ba7033,0.827,0.73,0.553,0.874,0.757,ACCEPT,
SPEC-00885,Hexamethylene diisocyanate,822-06-0,Polyurethane,IR,650-4000 cm-1,"23C, dry air",Thermo Nicolet iS50,ALS,PubChem,10.4105/119fdcd6,0.911,0.602,0.948,0.884,0.836,ACCEPT,
SPEC-00874,Polycaprolactone diol,36890-68-3,Polyurethane,FTIR,650-4000 cm-1,"23C, dry air",Thermo Nicolet iS50,Polynomial (3rd order),Open SPECY,10.9228/3d8d821a,0.863,0.883,0.632,0.994,0.848,ACCEPT,
SPEC-00822,Octyl cyanoacrylate,16493-40-6,Cyanoacrylate,Raman,200-3500 cm-1,"Ambient, 785nm laser",Thermo DXR3,Rubberband,KnowItAll,10.3238/fc38dfc5,0.757,0.713,0.803,0.792,0.762,ACCEPT,
SPEC-00348,Polybutadiene,9003-17-2,Rubber-based,Raman,200-3500 cm-1,"23C, dry air",Thermo DXR3,SNIP,NIST WebBook,10.1152/33ab1a77,0.693,0.701,0.866,0.682,0.727,FLAG,
SPEC-00673,Octamethylcyclotetrasiloxane,556-67-2,Silicone,IR,650-4000 cm-1,"25C, N2 purge",Bruker Vertex 70,Rubberband,Open SPECY,10.2941/b5dcfe2d,0.834,0.909,0.968,0.931,0.899,ACCEPT,
SPEC-00832,Methyl cyanoacrylate,137-05-3,Cyanoacrylate,Raman,200-3500 cm-1,"25C, N2 purge",Bruker Senterra II,Rubberband,Open SPECY,10.4482/17c8a96b,0.896,0.679,0.632,0.979,0.806,ACCEPT,
SPEC-00047,Hydroxypropyl methacrylate,27813-02-1,Acrylic/PSA,IR,650-4000 cm-1,"Room temperature, ambient atmosphere",Bruker Vertex 70,SNIP,Open SPECY,10.7381/e251fb04,0.793,0.817,0.737,0.683,0.766,ACCEPT,
SPEC-00280,Styrene-butadiene rubber,9003-55-8,Rubber-based,IR,650-4000 cm-1,"Ambient, KBr pellet",Agilent Cary 630,Polynomial (3rd order),KnowItAll,10.1023/f94f3b10,0.732,0.739,0.928,0.951,0.817,ACCEPT,
SPEC-00600,Cycloaliphatic epoxy,2386-87-0,Epoxy,Raman,200-3500 cm-1,"25C, N2 purge",WITec alpha300,SNIP,NIST WebBook,10.2075/4a357819,0.939,0.96,0.753,0.747,0.869,ACCEPT,
SPEC-00836,2-Methoxyethyl cyanoacrylate,27816-23-5,Cyanoacrylate,Raman,200-3500 cm-1,"23C, dry air",WITec alpha300,Polynomial (3rd order),KnowItAll,10.8036/9406fa0a,0.995,0.905,0.969,0.789,0.926,ACCEPT,
SPEC-00265,Styrene-butadiene rubber,9003-55-8,Rubber-based,IR,650-4000 cm-1,"25C, N2 purge",Bruker Vertex 70,Rubberband,Open SPECY,10.6152/ea93b061,0.699,0.649,0.879,0.741,0.731,FLAG,
SPEC-00526,Cycloaliphatic epoxy,2386-87-0,Epoxy,FTIR,650-4000 cm-1,"23C, dry air",Bruker Vertex 70,ALS,PubChem,10.9529/da16090a,0.947,0.949,0.7,0.956,0.9,ACCEPT,
SPEC-00561,Novolac epoxy,28064-14-4,Epoxy,Raman,200-3500 cm-1,"25C, N2 purge",Horiba LabRAM HR,Polynomial (3rd order),SpectraBase,10.2816/272e41ac,0.695,0.863,0.955,0.826,0.815,ACCEPT,
SPEC-00617,Bisphenol A diglycidyl ether,1675-54-3,Epoxy,Raman,200-3500 cm-1,"25C, N2 purge",Horiba LabRAM HR,Rubberband,NIST WebBook,10.3243/84d91ab3,0.793,0.966,0.737,0.822,0.831,ACCEPT,
SPEC-00405,Hydrogenated rosin,65997-06-0,Hot-melt,FTIR,650-4000 cm-1,"25C, N2 purge",Thermo Nicolet iS50,ALS,SDBS,10.3639/6e1cb78f,0.706,0.933,0.56,0.617,0.716,FLAG,
SPEC-00484,Polyamide resin,63428-84-2,Hot-melt,Raman,200-3500 cm-1,"25C, N2 purge",Bruker Senterra II,SNIP,KnowItAll,10.8245/bec6f6a3,0.762,0.838,0.561,0.722,0.733,FLAG,
SPEC-00502,Bisphenol F epoxy,2095-03-6,Epoxy,FTIR,650-4000 cm-1,"25C, N2 purge",Bruker Vertex 70,Polynomial (3rd order),SDBS,10.1807/8d651b69,0.832,0.758,0.881,0.823,0.822,ACCEPT,
SPEC-00294,Polybutadiene,9003-17-2,Rubber-based,Raman,200-3500 cm-1,"25C, N2 purge",Bruker Senterra II,ALS,Open SPECY,10.5430/a188e646,0.841,0.794,0.961,0.801,0.845,ACCEPT,
SPEC-00270,Styrene-butadiene rubber,9003-55-8,Rubber-based,FTIR,650-4000 cm-1,"25C, N2 purge",Agilent Cary 630,Rubberband,PubChem,10.9377/332288a0,0.874,0.815,0.619,0.633,0.76,ACCEPT,
SPEC-00514,Cycloaliphatic epoxy,2386-87-0,Epoxy,IR,650-4000 cm-1,"Room temperature, ambient atmosphere",Bruker Vertex 70,ALS,SpectraBase,10.1953/5a71d780,0.951,0.732,0.736,0.684,0.8,ACCEPT,
SPEC-00703,Aminopropyltriethoxysilane,919-30-2,Silicone,Raman,200-3500 cm-1,"Ambient, 785nm laser",Thermo DXR3,SNIP,KnowItAll,10.1606/4f1fc881,0.947,0.895,0.818,0.822,0.883,ACCEPT,
SPEC-00131,Methyl acrylate,96-33-3,Acrylic/PSA,Raman,200-3500 cm-1,"25C, N2 purge",Horiba LabRAM HR,Rubberband,SpectraBase,10.4711/38307ffb,0.758,0.98,0.704,0.906,0.832,ACCEPT,
SPEC-00739,Phenyltrimethoxysilane,2996-92-1,Silicone,Raman,200-3500 cm-1,"23C, dry air",Thermo DXR3,SNIP,Open SPECY,10.1394/3c2ad2e6,0.666,0.945,0.56,0.775,0.736,FLAG,
SPEC-00414,Hydrogenated rosin,65997-06-0,Hot-melt,FTIR,650-4000 cm-1,"Ambient, KBr pellet",JASCO FT/IR-6600,Rubberband,KnowItAll,10.6641/32129fd4,0.819,0.748,0.8,0.702,0.774,ACCEPT,
SPEC-00020,Isobutyl methacrylate,97-86-9,Acrylic/PSA,IR,650-4000 cm-1,"Room temperature, ambient atmosphere",PerkinElmer Spectrum Two,ALS,SDBS,10.2604/0d9946f6,0.737,0.969,0.749,0.945,0.839,ACCEPT,
SPEC-00732,Methyltrimethoxysilane,1185-55-3,Silicone,Raman,200-3500 cm-1,"25C, N2 purge",Horiba LabRAM HR,SNIP,KnowItAll,10.4532/a173947d,0.7,0.836,0.572,0.958,0.76,ACCEPT,
SPEC-00276,Natural rubber,9006-04-6,Rubber-based,IR,650-4000 cm-1,"25C, N2 purge",Bruker Vertex 70,Polynomial (3rd order),PubChem,10.7870/b64f7eb5,0.666,0.746,0.964,0.672,0.747,FLAG,
SPEC-00855,2-Methoxyethyl cyanoacrylate,27816-23-5,Cyanoacrylate,Raman,200-3500 cm-1,"Room temperature, ambient atmosphere",Renishaw inVia,Polynomial (3rd order),SpectraBase,10.4205/98f7d2eb,0.698,0.878,0.681,0.658,0.732,FLAG,
SPEC-00868,Polytetramethylene glycol,25190-06-1,Polyurethane,FTIR,650-4000 cm-1,"23C, dry air",Thermo Nicolet iS50,Rubberband,NIST WebBook,10.4156/b9100909,0.721,0.852,0.671,0.853,0.77,ACCEPT,
SPEC-00742,Methyltrimethoxysilane,1185-55-3,Silicone,Raman,200-3500 cm-1,"25C, N2 purge",Bruker Senterra II,Rubberband,PubChem,10.1849/4813ea13,0.794,0.73,0.719,0.931,0.79,ACCEPT,
SPEC-00953,Polycaprolactone diol,36890-68-3,Polyurethane,Raman,200-3500 cm-1,"Room temperature, ambient atmosphere",Horiba LabRAM HR,Rubberband,NIST WebBook,10.6185/f56df948,0.884,0.847,0.696,0.995,0.859,ACCEPT,
SPEC-00682,Methyltrimethoxysilane,1185-55-3,Silicone,IR,650-4000 cm-1,"Room temperature, ambient atmosphere",Bruker Vertex 70,SNIP,PubChem,10.9108/88c7c6d9,0.714,0.788,0.624,0.787,0.729,FLAG,
SPEC-00340,Nitrile rubber,9003-18-3,Rubber-based,Raman,200-3500 cm-1,"Room temperature, ambient atmosphere",Bruker Senterra II,SNIP,KnowItAll,10.1950/fc1aec47,0.713,0.632,0.7,0.995,0.747,FLAG,
SPEC-00604,Epichlorohydrin,106-89-8,Epoxy,Raman,200-3500 cm-1,"Ambient, 785nm laser",WITec alpha300,SNIP,SDBS,10.9986/18c548ef,0.88,0.915,0.769,0.866,0.864,ACCEPT,
SPEC-00646,Polydimethylsiloxane,63148-62-9,Silicone,IR,650-4000 cm-1,"Ambient, KBr pellet",JASCO FT/IR-6600,ALS,NIST WebBook,10.6591/bab79cf1,0.695,0.747,0.914,0.834,0.78,ACCEPT,
SPEC-00589,Novolac epoxy,28064-14-4,Epoxy,Raman,200-3500 cm-1,"Ambient, 785nm laser",WITec alpha300,Polynomial (3rd order),SpectraBase,10.8757/219ffdcf,0.949,0.635,0.936,0.796,0.837,ACCEPT,
SPEC-00274,Styrene-butadiene rubber,9003-55-8,Rubber-based,FTIR,650-4000 cm-1,"Ambient, KBr pellet",Bruker Vertex 70,SNIP,SDBS,10.2262/6cdf29ae,0.767,0.772,0.786,0.705,0.76,ACCEPT,
SPEC-00880,Polycaprolactone diol,36890-68-3,Polyurethane,IR,650-4000 cm-1,"23C, dry air",PerkinElmer Spectrum Two,Polynomial (3rd order),KnowItAll,10.8915/4a935d1c,0.737,0.816,0.895,0.647,0.77,ACCEPT,
SPEC-00323,Polyisoprene,9003-31-0,Rubber-based,Raman,200-3500 cm-1,"23C, dry air",Bruker Senterra II,SNIP,SpectraBase,10.3201/e9e51c60,0.748,0.797,0.863,0.639,0.761,ACCEPT,
SPEC-00627,Methyltrimethoxysilane,1185-55-3,Silicone,IR,650-4000 cm-1,"23C, dry air",Bruker Vertex 70,Rubberband,Open SPECY,10.9570/7480374d,0.973,0.792,0.69,0.745,0.826,ACCEPT,
SPEC-00903,Toluene diisocyanate,26471-62-5,Polyurethane,IR,650-4000 cm-1,"Room temperature, ambient atmosphere",JASCO FT/IR-6600,Rubberband,SpectraBase,10.5430/898f66f1,0.752,0.856,0.974,0.711,0.814,ACCEPT,
SPEC-00398,Polypropylene wax,9003-07-0,Hot-melt,IR,650-4000 cm-1,"25C, N2 purge",Agilent Cary 630,SNIP,SDBS,10.3717/5e9dfbff,0.826,0.865,0.932,0.923,0.876,ACCEPT,
SPEC-00709,Aminopropyltriethoxysilane,919-30-2,Silicone,Raman,200-3500 cm-1,"25C, N2 purge",Thermo DXR3,Rubberband,KnowItAll,10.6849/eeaeefed,0.756,0.684,0.571,0.607,0.671,FLAG,
SPEC-00206,Isobutyl methacrylate,97-86-9,Acrylic/PSA,Raman,200-3500 cm-1,"Ambient, 785nm laser",WITec alpha300,SNIP,SDBS,10.6222/d97b529e,0.666,0.738,0.839,0.752,0.736,FLAG,
SPEC-00249,Nitrile rubber,9003-18-3,Rubber-based,FTIR,650-4000 cm-1,"Room temperature, ambient atmosphere",Agilent Cary 630,Polynomial (3rd order),SpectraBase,10.5785/a9d106bb,0.944,0.795,0.587,0.612,0.769,ACCEPT,
SPEC-00688,Polydimethylsiloxane,63148-62-9,Silicone,FTIR,650-4000 cm-1,"25C, N2 purge",PerkinElmer Spectrum Two,SNIP,KnowItAll,10.3916/51203112,0.91,0.819,0.821,0.637,0.815,ACCEPT,
SPEC-00069,Acrylic acid,79-10-7,Acrylic/PSA,IR,650-4000 cm-1,"Ambient, KBr pellet",Thermo Nicolet iS50,ALS,NIST WebBook,10.5728/ef6c9f0b,0.939,0.629,0.625,0.723,0.756,ACCEPT,
SPEC-00700,Octamethylcyclotetrasiloxane,556-67-2,Silicone,Raman,200-3500 cm-1,"Room temperature, ambient atmosphere",Thermo DXR3,Polynomial (3rd order),SDBS,10.4127/5ccc4a97,0.701,0.697,0.929,0.943,0.794,ACCEPT,
SPEC-00485,Bisphenol F epoxy,2095-03-6,Epoxy,IR,650-4000 cm-1,"25C, N2 purge",Thermo Nicolet iS50,Rubberband,NIST WebBook,10.1893/bf8fdc28,0.89,0.662,0.878,0.634,0.779,ACCEPT,
SPEC-00806,Methyl cyanoacrylate,137-05-3,Cyanoacrylate,IR,650-4000 cm-1,"Room temperature, ambient atmosphere",Agilent Cary 630,Polynomial (3rd order),Open SPECY,10.1457/3fd5bed2,0.975,0.75,0.657,0.637,0.788,ACCEPT,
SPEC-00463,Polypropylene wax,9003-07-0,Hot-melt,Raman,200-3500 cm-1,"25C, N2 purge",Thermo DXR3,ALS,SDBS,10.7210/28ed678e,0.937,0.817,0.754,0.91,0.865,ACCEPT,
SPEC-00504,Cycloaliphatic epoxy,2386-87-0,Epoxy,FTIR,650-4000 cm-1,"Ambient, KBr pellet",Bruker Vertex 70,SNIP,SDBS,10.3216/43a4aba4,0.825,0.672,0.813,0.958,0.811,ACCEPT,
SPEC-00193,Ethyl acrylate,140-88-5,Acrylic/PSA,Raman,200-3500 cm-1,"Ambient, 785nm laser",WITec alpha300,SNIP,SDBS,10.7121/88b8ad59,0.727,0.653,0.619,0.899,0.721,FLAG,
SPEC-00737,Phenyltrimethoxysilane,2996-92-1,Silicone,Raman,200-3500 cm-1,"Room temperature, ambient atmosphere",WITec alpha300,ALS,Open SPECY,10.9235/ad12b2d6,0.852,0.621,0.807,0.676,0.75,ACCEPT,
SPEC-00730,Polydimethylsiloxane,63148-62-9,Silicone,Raman,200-3500 cm-1,"Room temperature, ambient atmosphere",Thermo DXR3,ALS,SDBS,10.7694/1149f917,0.911,0.978,0.716,0.981,0.903,ACCEPT,
SPEC-00542,Triglycidyl isocyanurate,2451-62-9,Epoxy,IR,650-4000 cm-1,"25C, N2 purge",Thermo Nicolet iS50,Rubberband,Open SPECY,10.8130/0ac41c92,0.896,0.758,0.693,0.753,0.792,ACCEPT,
SPEC-00445,Polyethylene wax,9002-88-4,Hot-melt,Raman,200-3500 cm-1,"23C, dry air",WITec alpha300,Polynomial (3rd order),Open SPECY,10.8126/90759bb2,0.697,0.979,0.793,0.836,0.815,ACCEPT,
SPEC-00262,Natural rubber,9006-04-6,Rubber-based,FTIR,650-4000 cm-1,"Ambient, KBr pellet",Bruker Vertex 70,Rubberband,KnowItAll,10.2975/6605fd13,0.858,0.808,0.75,0.603,0.773,ACCEPT,
SPEC-00427,Ethylene-vinyl acetate,24937-78-8,Hot-melt,Raman,200-3500 cm-1,"Ambient, 785nm laser",Horiba LabRAM HR,Polynomial (3rd order),SDBS,10.1692/b089a970,0.972,0.87,0.849,0.846,0.897,ACCEPT,
SPEC-00255,Nitrile rubber,9003-18-3,Rubber-based,FTIR,650-4000 cm-1,"Ambient, KBr pellet",Thermo Nicolet iS50,Rubberband,NIST WebBook,10.7434/1e6f7c0c,0.953,0.7,0.87,0.931,0.869,ACCEPT,
SPEC-00573,Bisphenol F epoxy,2095-03-6,Epoxy,Raman,200-3500 cm-1,"25C, N2 purge",WITec alpha300,Rubberband,Open SPECY,10.1750/49c51da6,0.974,0.615,0.614,0.862,0.79,ACCEPT,
SPEC-00087,Acrylic acid,79-10-7,Acrylic/PSA,IR,650-4000 cm-1,"25C, N2 purge",Agilent Cary 630,ALS,KnowItAll,10.9955/a107b184,0.811,0.867,0.955,0.786,0.849,ACCEPT,
SPEC-00659,Aminopropyltriethoxysilane,919-30-2,Silicone,FTIR,650-4000 cm-1,"25C, N2 purge",Bruker Vertex 70,ALS,NIST WebBook,10.3302/5aaa83bf,0.964,0.869,0.949,0.759,0.896,ACCEPT,
SPEC-00664,Aminopropyltriethoxysilane,919-30-2,Silicone,FTIR,650-4000 cm-1,"25C, N2 purge",JASCO FT/IR-6600,SNIP,PubChem,10.9763/8cc93306,0.758,0.983,0.713,0.925,0.839,ACCEPT,
SPEC-00197,Methyl methacrylate,80-62-6,Acrylic/PSA,Raman,200-3500 cm-1,"25C, N2 purge",Thermo DXR3,ALS,KnowItAll,10.1049/451d535e,0.846,0.869,0.689,0.609,0.773,ACCEPT,
SPEC-00289,Nitrile rubber,9003-18-3,Rubber-based,Raman,200-3500 cm-1,"Room temperature, ambient atmosphere",Bruker Senterra II,Rubberband,PubChem,10.1357/956a873b,0.871,0.858,0.812,0.704,0.823,ACCEPT,
SPEC-00886,Isophorone diisocyanate,4098-71-9,Polyurethane,IR,650-4000 cm-1,"Room temperature, ambient atmosphere",Agilent Cary 630,SNIP,Open SPECY,10.5354/7ae3208e,0.91,0.96,0.622,0.68,0.819,ACCEPT,
SPEC-00141,Acrylic acid,79-10-7,Acrylic/PSA,Raman,200-3500 cm-1,"Ambient, 785nm laser",Renishaw inVia,ALS,PubChem,10.2816/d6e141b5,0.693,0.695,0.838,0.849,0.754,ACCEPT,
SPEC-00184,Ethyl acrylate,140-88-5,Acrylic/PSA,Raman,200-3500 cm-1,"Room temperature, ambient atmosphere",WITec alpha300,Rubberband,PubChem,10.3252/4649187d,0.873,0.621,0.736,0.887,0.785,ACCEPT,
SPEC-00468,Hydrogenated rosin,65997-06-0,Hot-melt,Raman,200-3500 cm-1,"Room temperature, ambient atmosphere",Bruker Senterra II,ALS,PubChem,10.5355/94a5a3ee,0.91,0.956,0.92,0.918,0.925,ACCEPT,
SPEC-00819,Methyl cyanoacrylate,137-05-3,Cyanoacrylate,Raman,200-3500 cm-1,"23C, dry air",Renishaw inVia,SNIP,Open SPECY,10.4299/8614f615,0.736,0.671,0.662,0.714,0.701,FLAG,
SPEC-00153,Methyl acrylate,96-33-3,Acrylic/PSA,Raman,200-3500 cm-1,"Ambient, 785nm laser",Bruker Senterra II,ALS,KnowItAll,10.7095/3b71b932,0.784,0.827,0.822,0.872,0.82,ACCEPT,
SPEC-00418,Polypropylene wax,9003-07-0,Hot-melt,IR,650-4000 cm-1,"Room temperature, ambient atmosphere",JASCO FT/IR-6600,Polynomial (3rd order),SDBS,10.3776/b175a775,0.718,0.914,0.78,0.879,0.812,ACCEPT,
SPEC-00194,Ethyl acrylate,140-88-5,Acrylic/PSA,Raman,200-3500 cm-1,"23C, dry air",WITec alpha300,ALS,SDBS,10.8319/96fff57f,0.917,0.872,0.818,0.915,0.886,ACCEPT,
SPEC-00533,Cycloaliphatic epoxy,2386-87-0,Epoxy,FTIR,650-4000 cm-1,"Room temperature, ambient atmosphere",Thermo Nicolet iS50,SNIP,Open SPECY,10.1495/80e3f739,0.971,0.732,0.937,0.73,0.856,ACCEPT,
SPEC-00115,Hydroxypropyl methacrylate,27813-02-1,Acrylic/PSA,Raman,200-3500 cm-1,"23C, dry air",Renishaw inVia,Polynomial (3rd order),SpectraBase,10.5186/305c094b,0.995,0.622,0.642,0.978,0.828,ACCEPT,
SPEC-00812,Octyl cyanoacrylate,16493-40-6,Cyanoacrylate,Raman,200-3500 cm-1,"Room temperature, ambient atmosphere",Bruker Senterra II,Rubberband,SDBS,10.4808/d8b58ece,0.674,0.607,0.96,0.78,0.736,FLAG,
SPEC-00802,Ethyl cyanoacrylate,7085-85-0,Cyanoacrylate,IR,650-4000 cm-1,"Room temperature, ambient atmosphere",PerkinElmer Spectrum Two,Rubberband,Open SPECY,10.2117/b86e66ab,0.898,0.655,0.852,0.786,0.806,ACCEPT,
SPEC-00147,Hydroxypropyl methacrylate,27813-02-1,Acrylic/PSA,Raman,200-3500 cm-1,"23C, dry air",WITec alpha300,ALS,SpectraBase,10.5687/09f8383a,0.996,0.817,0.664,0.901,0.866,ACCEPT,
SPEC-00551,Novolac epoxy,28064-14-4,Epoxy,IR,650-4000 cm-1,"Room temperature, ambient atmosphere",Thermo Nicolet iS50,ALS,KnowItAll,10.5209/5bb470f3,0.677,0.914,0.663,0.846,0.767,ACCEPT,
SPEC-00794,Octyl cyanoacrylate,16493-40-6,Cyanoacrylate,IR,650-4000 cm-1,"23C, dry air",JASCO FT/IR-6600,SNIP,SpectraBase,10.4369/2bef439b,0.817,0.628,0.98,0.946,0.828,ACCEPT,
SPEC-00145,Methyl methacrylate,80-62-6,Acrylic/PSA,Raman,200-3500 cm-1,"Ambient, 785nm laser",Renishaw inVia,Rubberband,NIST WebBook,10.8612/07a7100c,0.773,0.735,0.839,0.932,0.809,ACCEPT,
SPEC-00429,Hydrogenated rosin,65997-06-0,Hot-melt,Raman,200-3500 cm-1,"23C, dry air",Renishaw inVia,SNIP,PubChem,10.9232/4959b3cc,0.695,0.81,0.74,0.976,0.789,ACCEPT,
SPEC-00438,Polypropylene wax,9003-07-0,Hot-melt,Raman,200-3500 cm-1,"Ambient, 785nm laser",Bruker Senterra II,Rubberband,Open SPECY,10.5694/c1e5eb6f,0.886,0.795,0.881,0.956,0.876,ACCEPT,
SPEC-00545,Bisphenol F epoxy,2095-03-6,Epoxy,FTIR,650-4000 cm-1,"Ambient, KBr pellet",JASCO FT/IR-6600,ALS,SpectraBase,10.4044/b8deead3,0.809,0.77,0.919,0.754,0.81,ACCEPT,
SPEC-00399,Hydrogenated rosin,65997-06-0,Hot-melt,IR,650-4000 cm-1,"Room temperature, ambient atmosphere",Thermo Nicolet iS50,Rubberband,Open SPECY,10.6878/c739818e,0.982,0.864,0.985,0.894,0.935,ACCEPT,
SPEC-00618,Epichlorohydrin,106-89-8,Epoxy,Raman,200-3500 cm-1,"Ambient, 785nm laser",Thermo DXR3,Rubberband,KnowItAll,10.9095/2dcd7d07,0.844,0.617,0.922,0.934,0.821,ACCEPT,
SPEC-00472,Hydrogenated rosin,65997-06-0,Hot-melt,Raman,200-3500 cm-1,"25C, N2 purge",Bruker Senterra II,Rubberband,Open SPECY,10.6299/df3475e0,0.997,0.73,0.717,0.906,0.856,ACCEPT,
SPEC-00046,Acrylic acid,79-10-7,Acrylic/PSA,FTIR,650-4000 cm-1,"Ambient, KBr pellet",Bruker Vertex 70,Rubberband,SpectraBase,10.4788/436b9ae9,0.732,0.734,0.952,0.632,0.756,ACCEPT,
SPEC-00354,Styrene-butadiene rubber,9003-55-8,Rubber-based,Raman,200-3500 cm-1,"23C, dry air",Horiba LabRAM HR,Polynomial (3rd order),NIST WebBook,10.3793/50722a0b,0.948,0.956,0.554,0.655,0.813,ACCEPT,
SPEC-00486,Epichlorohydrin,106-89-8,Epoxy,FTIR,650-4000 cm-1,"25C, N2 purge",Bruker Vertex 70,Rubberband,SpectraBase,10.9814/e08104ef,0.893,0.645,0.753,0.609,0.746,FLAG,
SPEC-00771,Methyl cyanoacrylate,137-05-3,Cyanoacrylate,FTIR,650-4000 cm-1,"25C, N2 purge",PerkinElmer Spectrum Two,SNIP,PubChem,10.4654/83649faa,0.687,0.95,0.96,0.798,0.83,ACCEPT,
SPEC-00554,Novolac epoxy,28064-14-4,Epoxy,IR,650-4000 cm-1,"25C, N2 purge",Thermo Nicolet iS50,SNIP,PubChem,10.1860/eef69fb2,0.907,0.738,0.839,0.902,0.85,ACCEPT,
SPEC-00538,Bisphenol A diglycidyl ether,1675-54-3,Epoxy,IR,650-4000 cm-1,"Room temperature, ambient atmosphere",JASCO FT/IR-6600,Rubberband,NIST WebBook,10.2007/2eb80531,0.89,0.839,0.919,0.731,0.851,ACCEPT,
SPEC-00177,Ethyl acrylate,140-88-5,Acrylic/PSA,Raman,200-3500 cm-1,"25C, N2 purge",WITec alpha300,Rubberband,SDBS,10.7229/ff0dd5f4,0.902,0.833,0.627,0.852,0.82,ACCEPT,
SPEC-00731,Phenyltrimethoxysilane,2996-92-1,Silicone,Raman,200-3500 cm-1,"23C, dry air",Bruker Senterra II,SNIP,KnowItAll,10.5968/021c1469,0.751,0.809,0.603,0.722,0.73,FLAG,
SPEC-00018,Isobutyl methacrylate,97-86-9,Acrylic/PSA,FTIR,650-4000 cm-1,"Ambient, KBr pellet",Thermo Nicolet iS50,ALS,Open SPECY,10.7735/6ad7b0db,0.933,0.676,0.594,0.772,0.769,ACCEPT,
SPEC-00168,Hydroxypropyl methacrylate,27813-02-1,Acrylic/PSA,Raman,200-3500 cm-1,"25C, N2 purge",WITec alpha300,Rubberband,SDBS,10.6123/2c5f8815,0.737,0.946,0.622,0.731,0.765,ACCEPT,
SPEC-00247,Nitrile rubber,9003-18-3,Rubber-based,IR,650-4000 cm-1,"23C, dry air",Agilent Cary 630,Rubberband,SpectraBase,10.9022/43acd3ba,0.838,0.968,0.969,0.669,0.863,ACCEPT,
SPEC-00133,Hydroxypropyl methacrylate,27813-02-1,Acrylic/PSA,Raman,200-3500 cm-1,"Room temperature, ambient atmosphere",WITec alpha300,SNIP,SpectraBase,10.8170/5675b8e9,0.704,0.672,0.862,0.85,0.757,ACCEPT,
SPEC-00256,Polybutadiene,9003-17-2,Rubber-based,FTIR,650-4000 cm-1,"23C, dry air",Agilent Cary 630,SNIP,SDBS,10.5558/4d1feea0,0.808,0.853,0.946,0.637,0.813,ACCEPT,
SPEC-00694,Phenyltrimethoxysilane,2996-92-1,Silicone,Raman,200-3500 cm-1,"Room temperature, ambient atmosphere",Bruker Senterra II,SNIP,Open SPECY,10.7766/86911877,0.667,0.631,0.57,0.643,0.634,FLAG,
SPEC-00364,Polyester hot-melt,25038-59-9,Hot-melt,IR,650-4000 cm-1,"23C, dry air",Bruker Vertex 70,ALS,KnowItAll,10.9973/ba14ced9,0.728,0.737,0.923,0.986,0.821,ACCEPT,
SPEC-00631,Methyltrimethoxysilane,1185-55-3,Silicone,IR,650-4000 cm-1,"23C, dry air",JASCO FT/IR-6600,Rubberband,KnowItAll,10.6698/30d8cb5c,0.715,0.741,0.591,0.938,0.741,FLAG,
SPEC-00159,Butyl acrylate,141-32-2,Acrylic/PSA,Raman,200-3500 cm-1,"Room temperature, ambient atmosphere",WITec alpha300,Rubberband,Open SPECY,10.7708/b3e4a28d,0.673,0.759,0.873,0.791,0.758,ACCEPT,
SPEC-00060,Butyl acrylate,141-32-2,Acrylic/PSA,FTIR,650-4000 cm-1,"23C, dry air",Bruker Vertex 70,SNIP,KnowItAll,10.8753/61fbfb92,0.753,0.762,0.659,0.866,0.759,ACCEPT,
SPEC-00775,Butyl cyanoacrylate,6606-65-1,Cyanoacrylate,IR,650-4000 cm-1,"25C, N2 purge",Thermo Nicolet iS50,Polynomial (3rd order),PubChem,10.6544/fe7cb561,0.969,0.608,0.855,0.752,0.813,ACCEPT,
SPEC-00119,Ethyl acrylate,140-88-5,Acrylic/PSA,Raman,200-3500 cm-1,"25C, N2 purge",Horiba LabRAM HR,Polynomial (3rd order),NIST WebBook,10.6562/7fcf71dc,0.802,0.76,0.585,0.948,0.777,ACCEPT,
SPEC-00238,Polybutadiene,9003-17-2,Rubber-based,FTIR,650-4000 cm-1,"Ambient, KBr pellet",PerkinElmer Spectrum Two,Polynomial (3rd order),SDBS,10.4621/6e6ea4b4,0.687,0.639,0.65,0.899,0.71,FLAG,
SPEC-00585,Cycloaliphatic epoxy,2386-87-0,Epoxy,Raman,200-3500 cm-1,"Ambient, 785nm laser",Renishaw inVia,Rubberband,PubChem,10.4884/17f88b28,0.887,0.73,0.901,0.73,0.819,ACCEPT,
SPEC-00667,Methyltrimethoxysilane,1185-55-3,Silicone,FTIR,650-4000 cm-1,"Ambient, KBr pellet",Bruker Vertex 70,ALS,SDBS,10.6353/3ffee476,0.894,0.803,0.708,0.841,0.823,ACCEPT,
SPEC-00173,Methyl acrylate,96-33-3,Acrylic/PSA,Raman,200-3500 cm-1,"Ambient, 785nm laser",Thermo DXR3,ALS,SpectraBase,10.9341/7a7075af,0.928,0.736,0.973,0.902,0.884,ACCEPT,
SPEC-00568,Novolac epoxy,28064-14-4,Epoxy,Raman,200-3500 cm-1,"23C, dry air",WITec alpha300,Polynomial (3rd order),NIST WebBook,10.2485/a28566f2,0.977,0.744,0.857,0.76,0.851,ACCEPT,
SPEC-00876,Polycaprolactone diol,36890-68-3,Polyurethane,IR,650-4000 cm-1,"Room temperature, ambient atmosphere",Bruker Vertex 70,SNIP,KnowItAll,10.9074/e8e843f1,0.734,0.637,0.809,0.634,0.705,FLAG,
SPEC-00624,Epichlorohydrin,106-89-8,Epoxy,Raman,200-3500 cm-1,"Room temperature, ambient atmosphere",WITec alpha300,Polynomial (3rd order),NIST WebBook,10.6939/9aba6dfa,0.955,0.931,0.858,0.72,0.883,ACCEPT,
SPEC-00699,Vinyltrimethoxysilane,2768-02-7,Silicone,Raman,200-3500 cm-1,"Room temperature, ambient atmosphere",Thermo DXR3,Rubberband,NIST WebBook,10.4083/2884e5b4,0.681,0.654,0.636,0.926,0.714,FLAG,
SPEC-00915,Methylene diphenyl diisocyanate,101-68-8,Polyurethane,Raman,200-3500 cm-1,"25C, N2 purge",Renishaw inVia,SNIP,NIST WebBook,10.5699/829cdabb,0.969,0.61,0.742,0.659,0.772,ACCEPT,
SPEC-00277,Nitrile rubber,9003-18-3,Rubber-based,IR,650-4000 cm-1,"25C, N2 purge",Agilent Cary 630,Rubberband,NIST WebBook,10.1862/be8d8b8b,0.762,0.93,0.807,0.648,0.79,ACCEPT,
SPEC-00166,Isobutyl methacrylate,97-86-9,Acrylic/PSA,Raman,200-3500 cm-1,"Ambient, 785nm laser",Thermo DXR3,Rubberband,NIST WebBook,10.6658/a0d57222,0.721,0.843,0.691,0.887,0.779,ACCEPT,
SPEC-00083,Isobutyl methacrylate,97-86-9,Acrylic/PSA,IR,650-4000 cm-1,"Ambient, KBr pellet",Bruker Vertex 70,Polynomial (3rd order),PubChem,10.6383/3a437446,0.924,0.706,0.83,0.759,0.818,ACCEPT,
SPEC-00112,Butyl acrylate,141-32-2,Acrylic/PSA,Raman,200-3500 cm-1,"23C, dry air",Horiba LabRAM HR,ALS,KnowItAll,10.6105/5bc7b84e,0.911,0.686,0.739,0.736,0.785,ACCEPT,
SPEC-00227,Styrene-butadiene rubber,9003-55-8,Rubber-based,IR,650-4000 cm-1,"23C, dry air",Bruker Vertex 70,ALS,Open SPECY,10.6188/3d47b65e,0.744,0.752,0.903,0.662,0.761,ACCEPT,
SPEC-00871,Isophorone diisocyanate,4098-71-9,Polyurethane,FTIR,650-4000 cm-1,"Room temperature, ambient atmosphere",Thermo Nicolet iS50,Polynomial (3rd order),KnowItAll,10.9021/55a00486,0.983,0.913,0.606,0.811,0.856,ACCEPT,
SPEC-00865,Hexamethylene diisocyanate,822-06-0,Polyurethane,IR,650-4000 cm-1,"25C, N2 purge",JASCO FT/IR-6600,ALS,SDBS,10.6769/4fe543c0,0.881,0.778,0.81,0.878,0.84,ACCEPT,
SPEC-00932,Isophorone diisocyanate,4098-71-9,Polyurethane,Raman,200-3500 cm-1,"Room temperature, ambient atmosphere",Thermo DXR3,Polynomial (3rd order),PubChem,10.2710/dca43997,0.708,0.921,0.841,0.678,0.782,ACCEPT,
SPEC-00350,Styrene-butadiene rubber,9003-55-8,Rubber-based,Raman,200-3500 cm-1,"Ambient, 785nm laser",Horiba LabRAM HR,Polynomial (3rd order),SpectraBase,10.6864/1f7c4e72,0.824,0.844,0.9,0.933,0.866,ACCEPT,
SPEC-00884,Isophorone diisocyanate,4098-71-9,Polyurethane,FTIR,650-4000 cm-1,"Ambient, KBr pellet",Thermo Nicolet iS50,SNIP,KnowItAll,10.2780/e76652d9,0.788,0.72,0.743,0.673,0.739,FLAG,
SPEC-00379,Hydrogenated rosin,65997-06-0,Hot-melt,IR,650-4000 cm-1,"25C, N2 purge",Thermo Nicolet iS50,Rubberband,PubChem,10.6724/38b4f5d3,0.674,0.802,0.737,0.815,0.747,FLAG,
SPEC-00099,Ethyl acrylate,140-88-5,Acrylic/PSA,FTIR,650-4000 cm-1,"Room temperature, ambient atmosphere",PerkinElmer Spectrum Two,Polynomial (3rd order),SpectraBase,10.1349/b188a360,0.989,0.98,0.921,0.637,0.903,ACCEPT,
SPEC-00064,Acrylic acid,79-10-7,Acrylic/PSA,IR,650-4000 cm-1,"Room temperature, ambient atmosphere",Bruker Vertex 70,SNIP,Open SPECY,10.2869/44e0765d,0.814,0.776,0.633,0.621,0.73,FLAG,
SPEC-00767,Octyl cyanoacrylate,16493-40-6,Cyanoacrylate,FTIR,650-4000 cm-1,"25C, N2 purge",PerkinElmer Spectrum Two,Polynomial (3rd order),PubChem,10.1991/f0dd5793,0.818,0.848,0.634,0.655,0.756,ACCEPT,
SPEC-00798,2-Methoxyethyl cyanoacrylate,27816-23-5,Cyanoacrylate,IR,650-4000 cm-1,"Ambient, KBr pellet",Thermo Nicolet iS50,ALS,SDBS,10.2565/a21fea0c,0.907,0.783,0.96,0.673,0.84,ACCEPT,
SPEC-00774,Butyl cyanoacrylate,6606-65-1,Cyanoacrylate,IR,650-4000 cm-1,"25C, N2 purge",Thermo Nicolet iS50,Rubberband,SDBS,10.5029/de4a49c6,0.711,0.954,0.873,0.736,0.809,ACCEPT,
SPEC-00287,Styrene-butadiene rubber,9003-55-8,Rubber-based,Raman,200-3500 cm-1,"25C, N2 purge",WITec alpha300,ALS,Open SPECY,10.8408/8c69ef71,0.887,0.704,0.996,0.612,0.808,ACCEPT,
SPEC-00764,Butyl cyanoacrylate,6606-65-1,Cyanoacrylate,FTIR,650-4000 cm-1,"Ambient, KBr pellet",Bruker Vertex 70,SNIP,PubChem,10.5831/16b23308,0.864,0.773,0.596,0.622,0.739,FLAG,
SPEC-00021,2-Ethylhexyl acrylate,103-11-7,Acrylic/PSA,IR,650-4000 cm-1,"Room temperature, ambient atmosphere",Thermo Nicolet iS50,SNIP,SpectraBase,10.7209/f1084acb,0.792,0.793,0.939,0.961,0.855,ACCEPT,
SPEC-00150,Butyl acrylate,141-32-2,Acrylic/PSA,Raman,200-3500 cm-1,"Ambient, 785nm laser",Bruker Senterra II,Polynomial (3rd order),Open SPECY,10.3730/39970451,0.678,0.864,0.688,0.841,0.759,ACCEPT,
SPEC-00189,Acrylic acid,79-10-7,Acrylic/PSA,Raman,200-3500 cm-1,"23C, dry air",Bruker Senterra II,ALS,Open SPECY,10.8007/93a01971,0.849,0.903,0.629,0.942,0.837,ACCEPT,
SPEC-00368,Polyethylene wax,9002-88-4,Hot-melt,IR,650-4000 cm-1,"23C, dry air",Bruker Vertex 70,SNIP,Open SPECY,10.5067/4630e926,0.88,0.842,0.695,0.953,0.848,ACCEPT,
SPEC-00653,Aminopropyltriethoxysilane,919-30-2,Silicone,FTIR,650-4000 cm-1,"25C, N2 purge",Thermo Nicolet iS50,SNIP,SpectraBase,10.1304/06c2362c,0.791,0.85,0.754,0.905,0.821,ACCEPT,
SPEC-00070,Hydroxypropyl methacrylate,27813-02-1,Acrylic/PSA,FTIR,650-4000 cm-1,"23C, dry air",PerkinElmer Spectrum Two,Polynomial (3rd order),PubChem,10.8078/6ad9346e,0.98,0.8,0.772,0.632,0.824,ACCEPT,
SPEC-00656,Octamethylcyclotetrasiloxane,556-67-2,Silicone,FTIR,650-4000 cm-1,"Room temperature, ambient atmosphere",PerkinElmer Spectrum Two,Rubberband,SpectraBase,10.4144/82bbf61c,0.706,0.875,0.656,0.695,0.736,FLAG,
SPEC-00404,Polyamide resin,63428-84-2,Hot-melt,IR,650-4000 cm-1,"Ambient, KBr pellet",Thermo Nicolet iS50,SNIP,KnowItAll,10.2856/5a5a44c8,0.777,0.887,0.603,0.692,0.753,ACCEPT,
SPEC-00648,Methyltrimethoxysilane,1185-55-3,Silicone,IR,650-4000 cm-1,"Ambient, KBr pellet",PerkinElmer Spectrum Two,Polynomial (3rd order),SDBS,10.9433/072e14c3,0.657,0.73,0.757,0.945,0.753,ACCEPT,
SPEC-00129,2-Ethylhexyl acrylate,103-11-7,Acrylic/PSA,Raman,200-3500 cm-1,"23C, dry air",WITec alpha300,SNIP,SpectraBase,10.2388/2d3bccaa,0.971,0.724,0.845,0.865,0.863,ACCEPT,
SPEC-00606,Epichlorohydrin,106-89-8,Epoxy,Raman,200-3500 cm-1,"25C, N2 purge",Renishaw inVia,Rubberband,SDBS,10.5673/62a90bfd,0.75,0.982,0.828,0.664,0.806,ACCEPT,
SPEC-00224,Polyisoprene,9003-31-0,Rubber-based,FTIR,650-4000 cm-1,"23C, dry air",JASCO FT/IR-6600,ALS,PubChem,10.9204/c2c3a6a1,0.784,0.896,0.906,0.876,0.855,ACCEPT,
SPEC-00914,Polycaprolactone diol,36890-68-3,Polyurethane,Raman,200-3500 cm-1,"Room temperature, ambient atmosphere",WITec alpha300,SNIP,SDBS,10.5861/288f2397,0.744,0.817,0.56,0.618,0.7,FLAG,
SPEC-00495,Bisphenol A diglycidyl ether,1675-54-3,Epoxy,IR,650-4000 cm-1,"23C, dry air",PerkinElmer Spectrum Two,SNIP,SpectraBase,10.1483/c0bab909,0.845,0.979,0.603,0.727,0.806,ACCEPT,
SPEC-00013,Methyl acrylate,96-33-3,Acrylic/PSA,IR,650-4000 cm-1,"Ambient, KBr pellet",Thermo Nicolet iS50,ALS,PubChem,10.6310/ebdf4254,0.917,0.816,0.9,0.812,0.867,ACCEPT,
SPEC-00843,2-Methoxyethyl cyanoacrylate,27816-23-5,Cyanoacrylate,Raman,200-3500 cm-1,"Ambient, 785nm laser",Thermo DXR3,ALS,PubChem,10.2728/25d6793d,0.734,0.685,0.889,0.864,0.779,ACCEPT,
SPEC-00298,Natural rubber,9006-04-6,Rubber-based,Raman,200-3500 cm-1,"Room temperature, ambient atmosphere",WITec alpha300,ALS,SpectraBase,10.9035/1559f5f2,0.943,0.924,0.987,0.817,0.922,ACCEPT,
SPEC-00788,Methyl cyanoacrylate,137-05-3,Cyanoacrylate,IR,650-4000 cm-1,"23C, dry air",PerkinElmer Spectrum Two,Rubberband,SDBS,10.1493/22fd7359,0.8,0.977,0.738,0.775,0.827,ACCEPT,
SPEC-00366,Polyethylene wax,9002-88-4,Hot-melt,FTIR,650-4000 cm-1,"Ambient, KBr pellet",Thermo Nicolet iS50,SNIP,PubChem,10.3018/58a40989,0.939,0.676,0.702,0.903,0.819,ACCEPT,
SPEC-00777,Methyl cyanoacrylate,137-05-3,Cyanoacrylate,IR,650-4000 cm-1,"Room temperature, ambient atmosphere",Thermo Nicolet iS50,Rubberband,NIST WebBook,10.5006/6a2cfc62,0.717,0.751,0.718,0.84,0.75,ACCEPT,
SPEC-00605,Novolac epoxy,28064-14-4,Epoxy,Raman,200-3500 cm-1,"23C, dry air",Bruker Senterra II,ALS,Open SPECY,10.7093/11105694,0.696,0.916,0.627,0.704,0.739,FLAG,
SPEC-00014,Acrylic acid,79-10-7,Acrylic/PSA,IR,650-4000 cm-1,"Room temperature, ambient atmosphere",PerkinElmer Spectrum Two,Rubberband,NIST WebBook,10.8962/0c0227cc,0.734,0.696,0.805,0.632,0.718,FLAG,
SPEC-00210,Ethyl acrylate,140-88-5,Acrylic/PSA,Raman,200-3500 cm-1,"25C, N2 purge",WITec alpha300,ALS,PubChem,10.4470/05696644,0.818,0.948,0.7,0.983,0.86,ACCEPT,
SPEC-00888,Methylene diphenyl diisocyanate,101-68-8,Polyurethane,IR,650-4000 cm-1,"Ambient, KBr pellet",Bruker Vertex 70,ALS,PubChem,10.6605/43ebeca6,0.694,0.738,0.556,0.874,0.713,FLAG,
SPEC-00304,Polyisoprene,9003-31-0,Rubber-based,Raman,200-3500 cm-1,"23C, dry air",WITec alpha300,ALS,Open SPECY,10.3304/f9431894,0.972,0.987,0.649,0.826,0.882,ACCEPT,
SPEC-00351,Styrene-butadiene rubber,9003-55-8,Rubber-based,Raman,200-3500 cm-1,"Room temperature, ambient atmosphere",Renishaw inVia,ALS,SpectraBase,10.1044/9e64dd83,0.842,0.964,0.86,0.792,0.866,ACCEPT,
SPEC-00720,Aminopropyltriethoxysilane,919-30-2,Silicone,Raman,200-3500 cm-1,"Ambient, 785nm laser",Thermo DXR3,Rubberband,Open SPECY,10.6656/2b3e8f65,0.875,0.955,0.831,0.847,0.881,ACCEPT,
SPEC-00863,Isophorone diisocyanate,4098-71-9,Polyurethane,IR,650-4000 cm-1,"23C, dry air",JASCO FT/IR-6600,ALS,SpectraBase,10.2438/0c92b41d,0.93,0.649,0.608,0.682,0.746,FLAG,
SPEC-00004,Butyl acrylate,141-32-2,Acrylic/PSA,FTIR,650-4000 cm-1,"Room temperature, ambient atmosphere",Bruker Vertex 70,SNIP,PubChem,10.8527/83f87c2a,0.783,0.744,0.705,0.706,0.742,FLAG,
SPEC-00672,Octamethylcyclotetrasiloxane,556-67-2,Silicone,IR,650-4000 cm-1,"23C, dry air",PerkinElmer Spectrum Two,Rubberband,SpectraBase,10.2459/6a9e64e7,0.948,0.62,0.828,0.84,0.82,ACCEPT,
SPEC-00552,Cycloaliphatic epoxy,2386-87-0,Epoxy,IR,650-4000 cm-1,"Ambient, KBr pellet",JASCO FT/IR-6600,Rubberband,NIST WebBook,10.4869/2483e36b,0.703,0.779,0.914,0.705,0.765,ACCEPT,
SPEC-00597,Bisphenol F epoxy,2095-03-6,Epoxy,Raman,200-3500 cm-1,"25C, N2 purge",Bruker Senterra II,ALS,SpectraBase,10.6487/d8ffd83a,0.877,0.882,0.802,0.909,0.87,ACCEPT,
SPEC-00458,Polypropylene wax,9003-07-0,Hot-melt,Raman,200-3500 cm-1,"25C, N2 purge",Renishaw inVia,Polynomial (3rd order),SDBS,10.8786/74e7cae4,0.855,0.758,0.659,0.988,0.818,ACCEPT,
SPEC-00519,Epichlorohydrin,106-89-8,Epoxy,IR,650-4000 cm-1,"25C, N2 purge",PerkinElmer Spectrum Two,SNIP,SpectraBase,10.8888/854e22f7,0.973,0.792,0.764,0.614,0.814,ACCEPT,
SPEC-00042,Butyl acrylate,141-32-2,Acrylic/PSA,IR,650-4000 cm-1,"Ambient, KBr pellet",Agilent Cary 630,Rubberband,Open SPECY,10.9099/ac2e8ed0,0.809,0.954,0.809,0.887,0.861,ACCEPT,
SPEC-00415,Polyethylene wax,9002-88-4,Hot-melt,IR,650-4000 cm-1,"25C, N2 purge",Thermo Nicolet iS50,SNIP,KnowItAll,10.1852/10cee64f,0.924,0.98,0.595,0.803,0.848,ACCEPT,
SPEC-00409,Polyethylene wax,9002-88-4,Hot-melt,IR,650-4000 cm-1,"Ambient, KBr pellet",Thermo Nicolet iS50,Rubberband,PubChem,10.2526/01b8c6aa,0.966,0.84,0.945,0.813,0.9,ACCEPT,
SPEC-00460,Polyester hot-melt,25038-59-9,Hot-melt,Raman,200-3500 cm-1,"Ambient, 785nm laser",Renishaw inVia,Rubberband,SDBS,10.6690/fb5e44fb,0.838,0.643,0.77,0.727,0.753,ACCEPT,
SPEC-00782,Octyl cyanoacrylate,16493-40-6,Cyanoacrylate,IR,650-4000 cm-1,"Ambient, KBr pellet",PerkinElmer Spectrum Two,SNIP,KnowItAll,10.7981/0c1d8ea1,0.832,0.692,0.569,0.805,0.739,FLAG,
SPEC-00214,Methyl acrylate,96-33-3,Acrylic/PSA,Raman,200-3500 cm-1,"23C, dry air",Renishaw inVia,SNIP,NIST WebBook,10.6530/6c63025b,0.731,0.828,0.661,0.82,0.759,ACCEPT,
SPEC-00450,Polypropylene wax,9003-07-0,Hot-melt,Raman,200-3500 cm-1,"Ambient, 785nm laser",WITec alpha300,Polynomial (3rd order),NIST WebBook,10.8460/5335ca08,0.795,0.941,0.632,0.716,0.783,ACCEPT,
SPEC-00927,Methylene diphenyl diisocyanate,101-68-8,Polyurethane,Raman,200-3500 cm-1,"23C, dry air",Renishaw inVia,SNIP,Open SPECY,10.3295/5c940070,0.654,0.932,0.737,0.906,0.79,ACCEPT,
SPEC-00120,Butyl acrylate,141-32-2,Acrylic/PSA,Raman,200-3500 cm-1,"25C, N2 purge",Renishaw inVia,Rubberband,KnowItAll,10.6752/6167e714,0.829,0.646,0.779,0.962,0.8,ACCEPT,
SPEC-00776,Butyl cyanoacrylate,6606-65-1,Cyanoacrylate,FTIR,650-4000 cm-1,"Room temperature, ambient atmosphere",Thermo Nicolet iS50,ALS,SDBS,10.8106/646c996a,0.933,0.864,0.974,0.991,0.936,ACCEPT,
SPEC-00569,Triglycidyl isocyanurate,2451-62-9,Epoxy,Raman,200-3500 cm-1,"23C, dry air",Horiba LabRAM HR,SNIP,Open SPECY,10.4129/8743ac16,0.916,0.716,0.641,0.822,0.792,ACCEPT,
SPEC-00626,Phenyltrimethoxysilane,2996-92-1,Silicone,IR,650-4000 cm-1,"Ambient, KBr pellet",Thermo Nicolet iS50,SNIP,SDBS,10.2867/16003a54,0.865,0.933,0.787,0.813,0.856,ACCEPT,
SPEC-00003,Acrylic acid,79-10-7,Acrylic/PSA,FTIR,650-4000 cm-1,"25C, N2 purge",JASCO FT/IR-6600,Rubberband,KnowItAll,10.5552/570cf769,0.933,0.603,0.913,0.879,0.836,ACCEPT,
SPEC-00779,Ethyl cyanoacrylate,7085-85-0,Cyanoacrylate,FTIR,650-4000 cm-1,"Ambient, KBr pellet",JASCO FT/IR-6600,Rubberband,KnowItAll,10.9168/3bf3dc27,0.709,0.755,0.947,0.9,0.806,ACCEPT,
SPEC-00074,Acrylic acid,79-10-7,Acrylic/PSA,IR,650-4000 cm-1,"Ambient, KBr pellet",PerkinElmer Spectrum Two,SNIP,PubChem,10.9889/74590c77,0.763,0.988,0.732,0.806,0.822,ACCEPT,
SPEC-00089,Methyl acrylate,96-33-3,Acrylic/PSA,IR,650-4000 cm-1,"23C, dry air",Agilent Cary 630,ALS,NIST WebBook,10.7484/6f490933,0.851,0.997,0.683,0.991,0.882,ACCEPT,
SPEC-00412,Hydrogenated rosin,65997-06-0,Hot-melt,IR,650-4000 cm-1,"23C, dry air",Bruker Vertex 70,ALS,KnowItAll,10.7698/fefb9261,0.833,0.808,0.719,0.682,0.774,ACCEPT,
SPEC-00580,Bisphenol F epoxy,2095-03-6,Epoxy,Raman,200-3500 cm-1,"23C, dry air",Thermo DXR3,Polynomial (3rd order),Open SPECY,10.2442/81854e1d,0.978,0.844,0.567,0.672,0.801,ACCEPT,
SPEC-00738,Methyltrimethoxysilane,1185-55-3,Silicone,Raman,200-3500 cm-1,"Room temperature, ambient atmosphere",WITec alpha300,Polynomial (3rd order),SDBS,10.8278/9ace9d8d,0.987,0.71,0.643,0.932,0.838,ACCEPT,
SPEC-00283,Chloroprene rubber,9010-98-4,Rubber-based,IR,650-4000 cm-1,"23C, dry air",JASCO FT/IR-6600,Polynomial (3rd order),KnowItAll,10.7438/0e3d77db,0.672,0.865,0.609,0.717,0.717,FLAG,
SPEC-00489,Bisphenol A diglycidyl ether,1675-54-3,Epoxy,FTIR,650-4000 cm-1,"23C, dry air",Bruker Vertex 70,SNIP,SDBS,10.2631/63a0ee9d,0.752,0.953,0.724,0.992,0.845,ACCEPT,
SPEC-00763,Ethyl cyanoacrylate,7085-85-0,Cyanoacrylate,FTIR,650-4000 cm-1,"25C, N2 purge",JASCO FT/IR-6600,ALS,NIST WebBook,10.2065/ba58d8c9,0.68,0.624,0.565,0.725,0.652,FLAG,
SPEC-00032,Hydroxypropyl methacrylate,27813-02-1,Acrylic/PSA,IR,650-4000 cm-1,"Ambient, KBr pellet",PerkinElmer Spectrum Two,ALS,SpectraBase,10.3900/a91cbf16,0.991,0.9,0.967,0.695,0.904,ACCEPT,
SPEC-00313,Styrene-butadiene rubber,9003-55-8,Rubber-based,Raman,200-3500 cm-1,"Ambient, 785nm laser",Thermo DXR3,Rubberband,PubChem,10.9914/2a267479,0.758,0.759,0.77,0.864,0.782,ACCEPT,
SPEC-00341,Natural rubber,9006-04-6,Rubber-based,Raman,200-3500 cm-1,"Ambient, 785nm laser",Bruker Senterra II,SNIP,PubChem,10.3120/a8edde98,0.916,0.667,0.894,0.796,0.825,ACCEPT,
SPEC-00452,Polyester hot-melt,25038-59-9,Hot-melt,Raman,200-3500 cm-1,"Ambient, 785nm laser",Renishaw inVia,Polynomial (3rd order),SpectraBase,10.6601/80bd3b36,0.803,0.603,0.591,0.606,0.671,FLAG,
SPEC-00769,2-Methoxyethyl cyanoacrylate,27816-23-5,Cyanoacrylate,IR,650-4000 cm-1,"Ambient, KBr pellet",JASCO FT/IR-6600,Polynomial (3rd order),SDBS,10.1894/f6125399,0.88,0.658,0.657,0.928,0.79,ACCEPT,
SPEC-00284,Natural rubber,9006-04-6,Rubber-based,FTIR,650-4000 cm-1,"25C, N2 purge",PerkinElmer Spectrum Two,SNIP,SpectraBase,10.2731/6cb6cc70,0.676,0.681,0.901,0.834,0.754,ACCEPT,
SPEC-00860,Polycaprolactone diol,36890-68-3,Polyurethane,FTIR,650-4000 cm-1,"23C, dry air",PerkinElmer Spectrum Two,Rubberband,NIST WebBook,10.8105/eea8a3fa,0.911,0.918,0.631,0.794,0.833,ACCEPT,
SPEC-00278,Styrene-butadiene rubber,9003-55-8,Rubber-based,IR,650-4000 cm-1,"Room temperature, ambient atmosphere",Agilent Cary 630,Polynomial (3rd order),PubChem,10.8483/dd9ed27c,0.957,0.946,0.898,0.724,0.896,ACCEPT,
SPEC-00733,Polydimethylsiloxane,63148-62-9,Silicone,Raman,200-3500 cm-1,"23C, dry air",Horiba LabRAM HR,SNIP,KnowItAll,10.8411/3277a64e,0.842,0.627,0.57,0.792,0.724,FLAG,
SPEC-00443,Hydrogenated rosin,65997-06-0,Hot-melt,Raman,200-3500 cm-1,"Ambient, 785nm laser",Bruker Senterra II,Rubberband,SpectraBase,10.5655/fbff0698,0.704,0.862,0.948,0.724,0.796,ACCEPT,
SPEC-00488,Epichlorohydrin,106-89-8,Epoxy,IR,650-4000 cm-1,"Ambient, KBr pellet",Bruker Vertex 70,Polynomial (3rd order),PubChem,10.2091/237d5296,0.72,0.879,0.672,0.786,0.763,ACCEPT,
SPEC-00634,Aminopropyltriethoxysilane,919-30-2,Silicone,FTIR,650-4000 cm-1,"Room temperature, ambient atmosphere",Agilent Cary 630,Rubberband,PubChem,10.8633/e984e7dd,0.725,0.691,0.601,0.994,0.745,FLAG,
SPEC-00101,2-Ethylhexyl acrylate,103-11-7,Acrylic/PSA,FTIR,650-4000 cm-1,"23C, dry air",Thermo Nicolet iS50,Rubberband,SpectraBase,10.1243/9c7a9e3c,0.839,0.919,0.599,0.947,0.833,ACCEPT,
SPEC-00407,Hydrogenated rosin,65997-06-0,Hot-melt,IR,650-4000 cm-1,"25C, N2 purge",Agilent Cary 630,Polynomial (3rd order),SDBS,10.3338/a71e0cbf,0.997,0.947,0.627,0.932,0.898,ACCEPT,
SPEC-00899,Methylene diphenyl diisocyanate,101-68-8,Polyurethane,IR,650-4000 cm-1,"25C, N2 purge",Agilent Cary 630,Polynomial (3rd order),SpectraBase,10.5491/478f6730,0.819,0.81,0.979,0.916,0.868,ACCEPT,
SPEC-00548,Cycloaliphatic epoxy,2386-87-0,Epoxy,IR,650-4000 cm-1,"Room temperature, ambient atmosphere",Agilent Cary 630,Polynomial (3rd order),SDBS,10.6119/7af5fde2,0.91,0.984,0.585,0.853,0.852,ACCEPT,
SPEC-00745,Octamethylcyclotetrasiloxane,556-67-2,Silicone,Raman,200-3500 cm-1,"25C, N2 purge",WITec alpha300,Rubberband,NIST WebBook,10.9199/2ff0ccc8,0.925,0.722,0.733,0.634,0.778,ACCEPT,
SPEC-00941,Methylene diphenyl diisocyanate,101-68-8,Polyurethane,Raman,200-3500 cm-1,"23C, dry air",Thermo DXR3,ALS,SDBS,10.6952/5b5d7977,0.809,0.668,0.683,0.627,0.712,FLAG,
SPEC-00559,Novolac epoxy,28064-14-4,Epoxy,Raman,200-3500 cm-1,"Ambient, 785nm laser",Bruker Senterra II,Polynomial (3rd order),SDBS,10.2702/10782b95,0.654,0.603,0.581,0.764,0.649,FLAG,
SPEC-00754,Methyltrimethoxysilane,1185-55-3,Silicone,Raman,200-3500 cm-1,"23C, dry air",Bruker Senterra II,ALS,SpectraBase,10.9090/640c7a3b,0.681,0.845,0.686,0.887,0.764,ACCEPT,
SPEC-00334,Nitrile rubber,9003-18-3,Rubber-based,Raman,200-3500 cm-1,"Room temperature, ambient atmosphere",Renishaw inVia,Rubberband,Open SPECY,10.7361/abc82c99,0.659,0.799,0.683,0.963,0.76,ACCEPT,
SPEC-00231,Polybutadiene,9003-17-2,Rubber-based,IR,650-4000 cm-1,"25C, N2 purge",Thermo Nicolet iS50,SNIP,SpectraBase,10.9123/1590b020,0.747,0.72,0.902,0.744,0.771,ACCEPT,
SPEC-00370,Hydrogenated rosin,65997-06-0,Hot-melt,IR,650-4000 cm-1,"23C, dry air",Thermo Nicolet iS50,ALS,NIST WebBook,10.3913/d5c3455d,0.9,0.875,0.965,0.653,0.857,ACCEPT,
SPEC-00174,Methyl methacrylate,80-62-6,Acrylic/PSA,Raman,200-3500 cm-1,"25C, N2 purge",Horiba LabRAM HR,Polynomial (3rd order),SDBS,10.9446/106b8627,0.698,0.733,0.763,0.783,0.737,FLAG,
SPEC-00718,Polydimethylsiloxane,63148-62-9,Silicone,Raman,200-3500 cm-1,"23C, dry air",Thermo DXR3,SNIP,NIST WebBook,10.9516/f17de25f,0.881,0.857,0.956,0.623,0.838,ACCEPT,
SPEC-00225,Natural rubber,9006-04-6,Rubber-based,IR,650-4000 cm-1,"Room temperature, ambient atmosphere",Agilent Cary 630,Polynomial (3rd order),Open SPECY,10.6347/8661c64b,0.944,0.736,0.896,0.982,0.89,ACCEPT,
SPEC-00723,Octamethylcyclotetrasiloxane,556-67-2,Silicone,Raman,200-3500 cm-1,"23C, dry air",Bruker Senterra II,ALS,KnowItAll,10.9314/2bc788de,0.798,0.802,0.879,0.937,0.843,ACCEPT,
SPEC-00483,Polypropylene wax,9003-07-0,Hot-melt,Raman,200-3500 cm-1,"Ambient, 785nm laser",Horiba LabRAM HR,Polynomial (3rd order),NIST WebBook,10.7776/d5313aa1,0.922,0.729,0.966,0.636,0.825,ACCEPT,
SPEC-00671,Phenyltrimethoxysilane,2996-92-1,Silicone,FTIR,650-4000 cm-1,"Room temperature, ambient atmosphere",Agilent Cary 630,SNIP,NIST WebBook,10.4747/96e3c654,0.729,0.979,0.965,0.859,0.865,ACCEPT,
SPEC-00859,Butyl cyanoacrylate,6606-65-1,Cyanoacrylate,Raman,200-3500 cm-1,"25C, N2 purge",Thermo DXR3,ALS,PubChem,10.9015/9fcef1e4,0.871,0.778,0.555,0.647,0.74,FLAG,
SPEC-00394,Polypropylene wax,9003-07-0,Hot-melt,IR,650-4000 cm-1,"23C, dry air",Bruker Vertex 70,SNIP,KnowItAll,10.3200/e4468eab,0.736,0.689,0.883,0.774,0.761,ACCEPT,
SPEC-00513,Epichlorohydrin,106-89-8,Epoxy,IR,650-4000 cm-1,"23C, dry air",Bruker Vertex 70,SNIP,SDBS,10.2063/601dbb06,0.763,0.959,0.919,0.903,0.871,ACCEPT,
SPEC-00726,Phenyltrimethoxysilane,2996-92-1,Silicone,Raman,200-3500 cm-1,"Ambient, 785nm laser",Bruker Senterra II,ALS,NIST WebBook,10.7974/2f46ab93,0.854,0.929,0.713,0.639,0.802,ACCEPT,
SPEC-00614,Bisphenol F epoxy,2095-03-6,Epoxy,Raman,200-3500 cm-1,"23C, dry air",Thermo DXR3,SNIP,KnowItAll,10.6756/3b1429a7,0.901,0.771,0.724,0.605,0.774,ACCEPT,
SPEC-00795,2-Methoxyethyl cyanoacrylate,27816-23-5,Cyanoacrylate,FTIR,650-4000 cm-1,"25C, N2 purge",Thermo Nicolet iS50,ALS,Open SPECY,10.5512/035187e4,0.851,0.724,0.641,0.887,0.784,ACCEPT,
SPEC-00093,Butyl acrylate,141-32-2,Acrylic/PSA,FTIR,650-4000 cm-1,"23C, dry air",PerkinElmer Spectrum Two,ALS,NIST WebBook,10.7511/8b7065f6,0.814,0.63,0.889,0.69,0.758,ACCEPT,
SPEC-00908,Toluene diisocyanate,26471-62-5,Polyurethane,Raman,200-3500 cm-1,"Ambient, 785nm laser",Bruker Senterra II,Rubberband,SpectraBase,10.4094/dbd3aa53,0.966,0.637,0.632,0.674,0.759,ACCEPT,
SPEC-00179,Ethyl acrylate,140-88-5,Acrylic/PSA,Raman,200-3500 cm-1,"23C, dry air",Renishaw inVia,Polynomial (3rd order),SpectraBase,10.8531/94d8d630,0.846,0.999,0.765,0.751,0.849,ACCEPT,
SPEC-00369,Polyethylene wax,9002-88-4,Hot-melt,FTIR,650-4000 cm-1,"23C, dry air",PerkinElmer Spectrum Two,Rubberband,SDBS,10.5897/fc869b74,0.932,0.655,0.821,0.955,0.845,ACCEPT,
SPEC-00319,Polybutadiene,9003-17-2,Rubber-based,Raman,200-3500 cm-1,"Ambient, 785nm laser",WITec alpha300,ALS,PubChem,10.9561/73cec74d,0.843,0.943,0.784,0.967,0.881,ACCEPT,
SPEC-00550,Epichlorohydrin,106-89-8,Epoxy,FTIR,650-4000 cm-1,"23C, dry air",JASCO FT/IR-6600,SNIP,KnowItAll,10.1447/78203f02,0.671,0.789,0.626,0.621,0.681,FLAG,
SPEC-00853,2-Methoxyethyl cyanoacrylate,27816-23-5,Cyanoacrylate,Raman,200-3500 cm-1,"Room temperature, ambient atmosphere",Horiba LabRAM HR,Polynomial (3rd order),Open SPECY,10.7407/599f31c9,0.787,0.769,0.763,0.739,0.768,ACCEPT,
SPEC-00347,Chloroprene rubber,9010-98-4,Rubber-based,Raman,200-3500 cm-1,"Room temperature, ambient atmosphere",WITec alpha300,SNIP,PubChem,10.1790/6d7d0146,0.667,0.998,0.848,0.861,0.825,ACCEPT,
SPEC-00895,Hexamethylene diisocyanate,822-06-0,Polyurethane,FTIR,650-4000 cm-1,"23C, dry air",PerkinElmer Spectrum Two,Polynomial (3rd order),SpectraBase,10.6426/897e63a9,0.757,0.639,0.556,0.821,0.7,FLAG,
SPEC-00037,Ethyl acrylate,140-88-5,Acrylic/PSA,FTIR,650-4000 cm-1,"23C, dry air",JASCO FT/IR-6600,SNIP,SDBS,10.4228/396719ab,0.739,0.884,0.551,0.97,0.784,ACCEPT,
SPEC-00939,Hexamethylene diisocyanate,822-06-0,Polyurethane,Raman,200-3500 cm-1,"25C, N2 purge",Renishaw inVia,Rubberband,NIST WebBook,10.7350/2873de17,0.752,0.849,0.973,0.616,0.793,ACCEPT,
SPEC-00635,Octamethylcyclotetrasiloxane,556-67-2,Silicone,FTIR,650-4000 cm-1,"Ambient, KBr pellet",PerkinElmer Spectrum Two,Polynomial (3rd order),Open SPECY,10.5646/54a83598,0.751,0.889,0.587,0.797,0.762,ACCEPT,
SPEC-00715,Vinyltrimethoxysilane,2768-02-7,Silicone,Raman,200-3500 cm-1,"25C, N2 purge",Bruker Senterra II,SNIP,KnowItAll,10.5021/c15f41ee,0.827,0.634,0.718,0.902,0.772,ACCEPT,
SPEC-00748,Octamethylcyclotetrasiloxane,556-67-2,Silicone,Raman,200-3500 cm-1,"23C, dry air",Bruker Senterra II,ALS,SDBS,10.2145/7aab5c6a,0.724,0.936,0.677,0.665,0.756,ACCEPT,
SPEC-00498,Novolac epoxy,28064-14-4,Epoxy,FTIR,650-4000 cm-1,"Ambient, KBr pellet",Thermo Nicolet iS50,Rubberband,Open SPECY,10.9051/dd4835d9,0.946,0.788,0.842,0.674,0.831,ACCEPT,
SPEC-00727,Polydimethylsiloxane,63148-62-9,Silicone,Raman,200-3500 cm-1,"Ambient, 785nm laser",Horiba LabRAM HR,SNIP,NIST WebBook,10.9622/e0f00bee,0.799,0.652,0.647,0.631,0.698,FLAG,
SPEC-00058,Hydroxypropyl methacrylate,27813-02-1,Acrylic/PSA,IR,650-4000 cm-1,"23C, dry air",Agilent Cary 630,Polynomial (3rd order),KnowItAll,10.5232/beaf95be,0.768,0.798,0.696,0.795,0.766,ACCEPT,
SPEC-00921,Polytetramethylene glycol,25190-06-1,Polyurethane,Raman,200-3500 cm-1,"Ambient, 785nm laser",Thermo DXR3,SNIP,SpectraBase,10.7278/6a1b70cc,0.928,0.733,0.911,0.862,0.863,ACCEPT,
SPEC-00651,Vinyltrimethoxysilane,2768-02-7,Silicone,IR,650-4000 cm-1,"Room temperature, ambient atmosphere",PerkinElmer Spectrum Two,Polynomial (3rd order),NIST WebBook,10.2506/4cd47070,0.667,0.998,0.731,0.69,0.767,ACCEPT,
SPEC-00155,Hydroxypropyl methacrylate,27813-02-1,Acrylic/PSA,Raman,200-3500 cm-1,"Ambient, 785nm laser",WITec alpha300,Rubberband,SpectraBase,10.5678/454aa9f2,0.97,0.647,0.899,0.882,0.857,ACCEPT,
SPEC-00293,Polybutadiene,9003-17-2,Rubber-based,Raman,200-3500 cm-1,"Room temperature, ambient atmosphere",Bruker Senterra II,SNIP,NIST WebBook,10.9907/a507d6f6,0.698,0.68,0.948,0.81,0.766,ACCEPT,
SPEC-00645,Polydimethylsiloxane,63148-62-9,Silicone,IR,650-4000 cm-1,"23C, dry air",JASCO FT/IR-6600,ALS,KnowItAll,10.5660/5287c727,0.787,0.798,0.987,0.847,0.842,ACCEPT,
SPEC-00235,Polybutadiene,9003-17-2,Rubber-based,FTIR,650-4000 cm-1,"25C, N2 purge",Thermo Nicolet iS50,Polynomial (3rd order),Open SPECY,10.9180/80fade9c,0.929,0.933,0.581,0.939,0.862,ACCEPT,
SPEC-00419,Polyamide resin,63428-84-2,Hot-melt,IR,650-4000 cm-1,"Room temperature, ambient atmosphere",Bruker Vertex 70,ALS,Open SPECY,10.4281/8ccff8cd,0.68,0.71,0.73,0.868,0.735,FLAG,
SPEC-00674,Vinyltrimethoxysilane,2768-02-7,Silicone,IR,650-4000 cm-1,"25C, N2 purge",PerkinElmer Spectrum Two,SNIP,SpectraBase,10.5636/8735fdba,0.911,0.753,0.744,0.683,0.793,ACCEPT,
SPEC-00454,Hydrogenated rosin,65997-06-0,Hot-melt,Raman,200-3500 cm-1,"25C, N2 purge",Horiba LabRAM HR,SNIP,PubChem,10.2998/9e3fa40b,0.815,0.677,0.929,0.927,0.826,ACCEPT,
SPEC-00862,Polytetramethylene glycol,25190-06-1,Polyurethane,IR,650-4000 cm-1,"25C, N2 purge",JASCO FT/IR-6600,Rubberband,SpectraBase,10.2922/dc41d37e,0.839,0.928,0.843,0.901,0.874,ACCEPT,
SPEC-00180,Isobutyl methacrylate,97-86-9,Acrylic/PSA,Raman,200-3500 cm-1,"25C, N2 purge",Bruker Senterra II,SNIP,KnowItAll,10.5735/d878407e,0.717,0.699,0.801,0.69,0.724,FLAG,
SPEC-00612,Bisphenol A diglycidyl ether,1675-54-3,Epoxy,Raman,200-3500 cm-1,"Room temperature, ambient atmosphere",Bruker Senterra II,ALS,KnowItAll,10.4206/cd528310,0.863,0.678,0.787,0.913,0.812,ACCEPT,
SPEC-00387,Hydrogenated rosin,65997-06-0,Hot-melt,IR,650-4000 cm-1,"Ambient, KBr pellet",PerkinElmer Spectrum Two,ALS,Open SPECY,10.7249/1dc001a4,0.687,0.915,0.686,0.635,0.733,FLAG,
SPEC-00490,Bisphenol F epoxy,2095-03-6,Epoxy,IR,650-4000 cm-1,"23C, dry air",Thermo Nicolet iS50,Polynomial (3rd order),SpectraBase,10.9673/3dfbb304,0.825,0.783,0.967,0.609,0.8,ACCEPT,
SPEC-00156,2-Ethylhexyl acrylate,103-11-7,Acrylic/PSA,Raman,200-3500 cm-1,"23C, dry air",Horiba LabRAM HR,ALS,PubChem,10.6236/f69e88a2,0.948,0.781,0.954,0.778,0.873,ACCEPT,
SPEC-00329,Polyisoprene,9003-31-0,Rubber-based,Raman,200-3500 cm-1,"Ambient, 785nm laser",Renishaw inVia,Rubberband,NIST WebBook,10.1145/ba12ff86,0.878,0.805,0.939,0.987,0.894,ACCEPT,
SPEC-00317,Polybutadiene,9003-17-2,Rubber-based,Raman,200-3500 cm-1,"Ambient, 785nm laser",Horiba LabRAM HR,ALS,SpectraBase,10.1699/27127a19,0.711,0.994,0.987,0.923,0.879,ACCEPT,
SPEC-00729,Methyltrimethoxysilane,1185-55-3,Silicone,Raman,200-3500 cm-1,"25C, N2 purge",WITec alpha300,SNIP,SDBS,10.2934/0dd04392,0.82,0.783,0.986,0.805,0.841,ACCEPT,
SPEC-00308,Styrene-butadiene rubber,9003-55-8,Rubber-based,Raman,200-3500 cm-1,"23C, dry air",Thermo DXR3,Rubberband,PubChem,10.2215/5d8967ee,0.93,0.613,0.559,0.704,0.731,FLAG,
SPEC-00844,Butyl cyanoacrylate,6606-65-1,Cyanoacrylate,Raman,200-3500 cm-1,"25C, N2 purge",Renishaw inVia,SNIP,Open SPECY,10.3016/a8c1079f,0.966,0.907,0.649,0.703,0.835,ACCEPT,
SPEC-00736,Methyltrimethoxysilane,1185-55-3,Silicone,Raman,200-3500 cm-1,"Room temperature, ambient atmosphere",Horiba LabRAM HR,Rubberband,SDBS,10.3028/c1bc3c1b,0.898,0.829,0.908,0.883,0.88,ACCEPT,
SPEC-00923,Hexamethylene diisocyanate,822-06-0,Polyurethane,Raman,200-3500 cm-1,"Room temperature, ambient atmosphere",Renishaw inVia,Polynomial (3rd order),SpectraBase,10.2804/82dd3287,0.651,0.998,0.558,0.823,0.754,ACCEPT,
SPEC-00607,Bisphenol F epoxy,2095-03-6,Epoxy,Raman,200-3500 cm-1,"25C, N2 purge",Renishaw inVia,Rubberband,KnowItAll,10.7056/664ac355,0.733,0.616,0.692,0.651,0.679,FLAG,
SPEC-00593,Cycloaliphatic epoxy,2386-87-0,Epoxy,Raman,200-3500 cm-1,"Ambient, 785nm laser",Renishaw inVia,SNIP,Open SPECY,10.1399/5971e800,1.0,0.606,0.851,0.665,0.805,ACCEPT,
SPEC-00687,Aminopropyltriethoxysilane,919-30-2,Silicone,IR,650-4000 cm-1,"25C, N2 purge",JASCO FT/IR-6600,ALS,SDBS,10.3118/59183b65,0.764,0.893,0.88,0.983,0.863,ACCEPT,
SPEC-00553,Bisphenol A diglycidyl ether,1675-54-3,Epoxy,IR,650-4000 cm-1,"25C, N2 purge",PerkinElmer Spectrum Two,SNIP,Open SPECY,10.7277/6825bbfa,0.989,0.838,0.92,0.935,0.927,ACCEPT,
SPEC-00242,Chloroprene rubber,9010-98-4,Rubber-based,IR,650-4000 cm-1,"Ambient, KBr pellet",PerkinElmer Spectrum Two,ALS,SpectraBase,10.8080/d3e3a2b0,0.799,0.785,0.909,0.852,0.828,ACCEPT,
SPEC-00127,Isobutyl methacrylate,97-86-9,Acrylic/PSA,Raman,200-3500 cm-1,"23C, dry air",Thermo DXR3,ALS,Open SPECY,10.7697/0c44a0a1,0.833,0.844,0.714,0.967,0.839,ACCEPT,
SPEC-00475,Hydrogenated rosin,65997-06-0,Hot-melt,Raman,200-3500 cm-1,"25C, N2 purge",Bruker Senterra II,Rubberband,Open SPECY,10.6827/8fe6f1ef,0.829,0.828,0.807,0.638,0.786,ACCEPT,
SPEC-00001,Acrylic acid,79-10-7,Acrylic/PSA,IR,650-4000 cm-1,"Ambient, KBr pellet",Bruker Vertex 70,ALS,SDBS,10.2424/83c8b5ac,0.736,0.656,0.596,0.896,0.72,FLAG,
SPEC-00894,Polycaprolactone diol,36890-68-3,Polyurethane,IR,650-4000 cm-1,"25C, N2 purge",Bruker Vertex 70,Polynomial (3rd order),PubChem,10.8059/089d4183,0.911,0.685,0.762,0.963,0.835,ACCEPT,
SPEC-00491,Cycloaliphatic epoxy,2386-87-0,Epoxy,FTIR,650-4000 cm-1,"23C, dry air",Agilent Cary 630,ALS,SpectraBase,10.9212/1c5b5500,0.705,0.739,0.708,0.85,0.743,FLAG,
SPEC-00562,Triglycidyl isocyanurate,2451-62-9,Epoxy,Raman,200-3500 cm-1,"23C, dry air",Bruker Senterra II,Rubberband,Open SPECY,10.6298/5290c57d,0.881,0.63,0.754,0.998,0.816,ACCEPT,
SPEC-00311,Natural rubber,9006-04-6,Rubber-based,Raman,200-3500 cm-1,"Room temperature, ambient atmosphere",Bruker Senterra II,SNIP,PubChem,10.6911/5fa43fe1,0.684,0.757,0.797,0.796,0.747,FLAG,
SPEC-00451,Polyethylene wax,9002-88-4,Hot-melt,Raman,200-3500 cm-1,"23C, dry air",WITec alpha300,Polynomial (3rd order),SpectraBase,10.2675/225afd92,0.716,0.608,0.572,0.814,0.68,FLAG,
SPEC-00937,Polytetramethylene glycol,25190-06-1,Polyurethane,Raman,200-3500 cm-1,"Ambient, 785nm laser",Horiba LabRAM HR,ALS,SpectraBase,10.3482/c962b7eb,0.929,0.791,0.941,0.615,0.834,ACCEPT,
SPEC-00359,Polyester hot-melt,25038-59-9,Hot-melt,IR,650-4000 cm-1,"Room temperature, ambient atmosphere",Agilent Cary 630,Rubberband,SpectraBase,10.1894/6d3fdaa4,0.904,0.793,0.849,0.857,0.856,ACCEPT,
SPEC-00528,Bisphenol A diglycidyl ether,1675-54-3,Epoxy,IR,650-4000 cm-1,"23C, dry air",PerkinElmer Spectrum Two,Rubberband,KnowItAll,10.6218/9e160645,0.655,0.849,0.781,0.683,0.734,FLAG,
SPEC-00630,Phenyltrimethoxysilane,2996-92-1,Silicone,IR,650-4000 cm-1,"Room temperature, ambient atmosphere",JASCO FT/IR-6600,ALS,NIST WebBook,10.1168/60ab8c76,0.671,0.648,0.664,0.626,0.655,FLAG,
SPEC-00220,Natural rubber,9006-04-6,Rubber-based,FTIR,650-4000 cm-1,"Room temperature, ambient atmosphere",JASCO FT/IR-6600,SNIP,NIST WebBook,10.1519/d8f00b74,0.997,0.69,0.858,0.939,0.881,ACCEPT,
SPEC-00566,Cycloaliphatic epoxy,2386-87-0,Epoxy,Raman,200-3500 cm-1,"Ambient, 785nm laser",Horiba LabRAM HR,SNIP,PubChem,10.9444/499d6d04,0.787,0.661,0.698,0.757,0.732,FLAG,
SPEC-00583,Bisphenol A diglycidyl ether,1675-54-3,Epoxy,Raman,200-3500 cm-1,"Room temperature, ambient atmosphere",Horiba LabRAM HR,ALS,Open SPECY,10.1709/d9ec983c,0.876,0.714,0.746,0.734,0.781,ACCEPT,
SPEC-00073,Methyl acrylate,96-33-3,Acrylic/PSA,FTIR,650-4000 cm-1,"Room temperature, ambient atmosphere",PerkinElmer Spectrum Two,SNIP,KnowItAll,10.7561/ea77269b,0.885,0.943,0.698,0.877,0.861,ACCEPT,
SPEC-00234,Polybutadiene,9003-17-2,Rubber-based,IR,650-4000 cm-1,"25C, N2 purge",PerkinElmer Spectrum Two,ALS,SpectraBase,10.9939/5f576dab,0.748,0.914,0.714,0.973,0.828,ACCEPT,
SPEC-00946,Hexamethylene diisocyanate,822-06-0,Polyurethane,Raman,200-3500 cm-1,"Room temperature, ambient atmosphere",Horiba LabRAM HR,SNIP,PubChem,10.3953/2c0a8b68,0.813,0.857,0.955,0.786,0.847,ACCEPT,
SPEC-00926,Polycaprolactone diol,36890-68-3,Polyurethane,Raman,200-3500 cm-1,"25C, N2 purge",Horiba LabRAM HR,ALS,SpectraBase,10.6984/e29ecaee,0.854,0.791,0.817,0.663,0.793,ACCEPT,
SPEC-00846,Octyl cyanoacrylate,16493-40-6,Cyanoacrylate,Raman,200-3500 cm-1,"25C, N2 purge",WITec alpha300,ALS,PubChem,10.6574/6571e545,0.933,0.689,0.602,0.635,0.746,FLAG,
SPEC-00543,Bisphenol F epoxy,2095-03-6,Epoxy,FTIR,650-4000 cm-1,"25C, N2 purge",Thermo Nicolet iS50,ALS,KnowItAll,10.3056/840e9ef4,0.844,0.937,0.712,0.767,0.825,ACCEPT,
SPEC-00162,Acrylic acid,79-10-7,Acrylic/PSA,Raman,200-3500 cm-1,"Room temperature, ambient atmosphere",Horiba LabRAM HR,Rubberband,SDBS,10.9740/cf90af10,0.719,0.983,0.674,0.85,0.802,ACCEPT,
SPEC-00324,Polyisoprene,9003-31-0,Rubber-based,Raman,200-3500 cm-1,"23C, dry air",Bruker Senterra II,ALS,Open SPECY,10.8937/58caf5be,0.905,0.842,0.59,0.777,0.801,ACCEPT,
SPEC-00389,Hydrogenated rosin,65997-06-0,Hot-melt,IR,650-4000 cm-1,"23C, dry air",JASCO FT/IR-6600,Rubberband,SDBS,10.2394/96bd3d2c,0.699,0.617,0.808,0.758,0.712,FLAG,
SPEC-00877,Isophorone diisocyanate,4098-71-9,Polyurethane,IR,650-4000 cm-1,"25C, N2 purge",Agilent Cary 630,ALS,Open SPECY,10.1227/cc130b0d,0.83,0.999,0.95,0.879,0.906,ACCEPT,
SPEC-00599,Novolac epoxy,28064-14-4,Epoxy,Raman,200-3500 cm-1,"Room temperature, ambient atmosphere",Bruker Senterra II,SNIP,Open SPECY,10.9215/8b702522,0.888,0.711,0.579,0.738,0.752,ACCEPT,
SPEC-00376,Polyamide resin,63428-84-2,Hot-melt,FTIR,650-4000 cm-1,"Room temperature, ambient atmosphere",Agilent Cary 630,SNIP,PubChem,10.7180/f3c7aa95,0.994,0.63,0.983,0.894,0.881,ACCEPT,
SPEC-00762,Octyl cyanoacrylate,16493-40-6,Cyanoacrylate,IR,650-4000 cm-1,"Ambient, KBr pellet",Bruker Vertex 70,ALS,SpectraBase,10.2194/a0a3b805,0.733,0.736,0.574,0.733,0.702,FLAG,
SPEC-00529,Bisphenol F epoxy,2095-03-6,Epoxy,FTIR,650-4000 cm-1,"Room temperature, ambient atmosphere",JASCO FT/IR-6600,SNIP,PubChem,10.3131/c9ad5425,0.71,0.725,0.952,0.816,0.783,ACCEPT,
SPEC-00002,Ethyl acrylate,140-88-5,Acrylic/PSA,IR,650-4000 cm-1,"Ambient, KBr pellet",Bruker Vertex 70,Rubberband,NIST WebBook,10.9928/e6b81ea5,0.731,0.841,0.803,0.886,0.804,ACCEPT,
SPEC-00555,Triglycidyl isocyanurate,2451-62-9,Epoxy,Raman,200-3500 cm-1,"Ambient, 785nm laser",Thermo DXR3,Polynomial (3rd order),Open SPECY,10.7390/354af9d7,0.755,0.898,0.889,0.813,0.829,ACCEPT,
SPEC-00537,Triglycidyl isocyanurate,2451-62-9,Epoxy,IR,650-4000 cm-1,"23C, dry air",JASCO FT/IR-6600,SNIP,Open SPECY,10.3886/01037402,0.69,0.838,0.696,0.639,0.718,FLAG,
SPEC-00749,Octamethylcyclotetrasiloxane,556-67-2,Silicone,Raman,200-3500 cm-1,"23C, dry air",Thermo DXR3,Polynomial (3rd order),Open SPECY,10.4454/9d942582,0.693,0.656,0.8,0.712,0.709,FLAG,
SPEC-00658,Octamethylcyclotetrasiloxane,556-67-2,Silicone,FTIR,650-4000 cm-1,"Room temperature, ambient atmosphere",PerkinElmer Spectrum Two,Polynomial (3rd order),PubChem,10.1906/fbaa979d,0.843,0.858,0.569,0.889,0.801,ACCEPT,
SPEC-00105,Methyl acrylate,96-33-3,Acrylic/PSA,IR,650-4000 cm-1,"Room temperature, ambient atmosphere",PerkinElmer Spectrum Two,Rubberband,Open SPECY,10.2624/6e6ae9fd,0.783,0.839,0.683,0.802,0.781,ACCEPT,
SPEC-00501,Triglycidyl isocyanurate,2451-62-9,Epoxy,FTIR,650-4000 cm-1,"Room temperature, ambient atmosphere",PerkinElmer Spectrum Two,SNIP,NIST WebBook,10.1630/e796efb3,0.864,0.897,0.817,0.81,0.852,ACCEPT,
SPEC-00453,Polypropylene wax,9003-07-0,Hot-melt,Raman,200-3500 cm-1,"23C, dry air",Thermo DXR3,SNIP,SpectraBase,10.1918/70582521,0.812,0.917,0.699,0.937,0.841,ACCEPT,
SPEC-00449,Polyester hot-melt,25038-59-9,Hot-melt,Raman,200-3500 cm-1,"23C, dry air",Renishaw inVia,Polynomial (3rd order),Open SPECY,10.4924/1fb9f654,0.908,0.756,0.72,0.705,0.792,ACCEPT,
SPEC-00138,Methyl methacrylate,80-62-6,Acrylic/PSA,Raman,200-3500 cm-1,"23C, dry air",Thermo DXR3,ALS,SpectraBase,10.1461/37398f81,0.789,0.75,0.724,0.633,0.735,FLAG,
SPEC-00345,Polyisoprene,9003-31-0,Rubber-based,Raman,200-3500 cm-1,"25C, N2 purge",Renishaw inVia,Rubberband,Open SPECY,10.1313/48c519ff,0.999,0.796,0.888,0.666,0.859,ACCEPT,
SPEC-00838,Octyl cyanoacrylate,16493-40-6,Cyanoacrylate,Raman,200-3500 cm-1,"23C, dry air",Horiba LabRAM HR,Rubberband,PubChem,10.3013/c3a82d31,0.955,0.761,0.926,0.97,0.904,ACCEPT,
SPEC-00579,Epichlorohydrin,106-89-8,Epoxy,Raman,200-3500 cm-1,"23C, dry air",WITec alpha300,SNIP,SpectraBase,10.3344/c771ca4b,0.796,0.923,0.898,0.877,0.864,ACCEPT,
SPEC-00910,Toluene diisocyanate,26471-62-5,Polyurethane,Raman,200-3500 cm-1,"Room temperature, ambient atmosphere",Thermo DXR3,SNIP,SpectraBase,10.1193/934ff6b1,0.809,0.858,0.731,0.89,0.822,ACCEPT,
SPEC-00208,Hydroxypropyl methacrylate,27813-02-1,Acrylic/PSA,Raman,200-3500 cm-1,"Room temperature, ambient atmosphere",WITec alpha300,SNIP,SpectraBase,10.6411/b0238513,0.989,0.823,0.61,0.697,0.813,ACCEPT,
SPEC-00505,Bisphenol A diglycidyl ether,1675-54-3,Epoxy,FTIR,650-4000 cm-1,"23C, dry air",Agilent Cary 630,Polynomial (3rd order),Open SPECY,10.2477/ac3aad6a,0.713,0.836,0.871,0.681,0.769,ACCEPT,
SPEC-00469,Ethylene-vinyl acetate,24937-78-8,Hot-melt,Raman,200-3500 cm-1,"25C, N2 purge",Bruker Senterra II,Rubberband,SDBS,10.7313/85c06e3f,0.981,0.984,0.594,0.89,0.886,ACCEPT,
SPEC-00668,Octamethylcyclotetrasiloxane,556-67-2,Silicone,IR,650-4000 cm-1,"Room temperature, ambient atmosphere",Thermo Nicolet iS50,ALS,KnowItAll,10.6140/03e32d41,0.805,0.856,0.551,0.68,0.742,FLAG,
SPEC-00052,Ethyl acrylate,140-88-5,Acrylic/PSA,IR,650-4000 cm-1,"Room temperature, ambient atmosphere",PerkinElmer Spectrum Two,Rubberband,SpectraBase,10.4266/7576154f,0.878,0.912,0.843,0.902,0.884,ACCEPT,
SPEC-00273,Natural rubber,9006-04-6,Rubber-based,IR,650-4000 cm-1,"23C, dry air",Bruker Vertex 70,Rubberband,KnowItAll,10.3735/2c291137,0.824,0.739,0.783,0.929,0.816,ACCEPT,
SPEC-00837,Butyl cyanoacrylate,6606-65-1,Cyanoacrylate,Raman,200-3500 cm-1,"23C, dry air",Bruker Senterra II,ALS,PubChem,10.6833/33f62759,0.936,0.976,0.849,0.751,0.892,ACCEPT,
SPEC-00572,Bisphenol A diglycidyl ether,1675-54-3,Epoxy,Raman,200-3500 cm-1,"Ambient, 785nm laser",Horiba LabRAM HR,Rubberband,SpectraBase,10.9570/4e95334d,0.769,0.735,0.874,0.762,0.78,ACCEPT,
SPEC-00773,Ethyl cyanoacrylate,7085-85-0,Cyanoacrylate,FTIR,650-4000 cm-1,"Room temperature, ambient atmosphere",Bruker Vertex 70,ALS,NIST WebBook,10.6896/2415544a,0.775,0.822,0.614,0.776,0.755,ACCEPT,
SPEC-00295,Chloroprene rubber,9010-98-4,Rubber-based,Raman,200-3500 cm-1,"23C, dry air",Bruker Senterra II,Rubberband,Open SPECY,10.9674/ea7c6499,0.727,0.958,0.9,0.623,0.799,ACCEPT,
SPEC-00563,Epichlorohydrin,106-89-8,Epoxy,Raman,200-3500 cm-1,"Ambient, 785nm laser",Horiba LabRAM HR,ALS,KnowItAll,10.3915/2f4d00ea,0.922,0.753,0.7,0.624,0.776,ACCEPT,
SPEC-00372,Polyethylene wax,9002-88-4,Hot-melt,IR,650-4000 cm-1,"23C, dry air",Bruker Vertex 70,Rubberband,SpectraBase,10.5695/13a74740,0.701,0.868,0.64,0.9,0.77,ACCEPT,
SPEC-00059,Methyl methacrylate,80-62-6,Acrylic/PSA,FTIR,650-4000 cm-1,"Ambient, KBr pellet",JASCO FT/IR-6600,SNIP,SDBS,10.4937/e1888084,0.831,0.676,0.659,0.763,0.744,FLAG,
SPEC-00493,Bisphenol F epoxy,2095-03-6,Epoxy,IR,650-4000 cm-1,"25C, N2 purge",Agilent Cary 630,Rubberband,Open SPECY,10.9883/2941c9fb,0.851,0.771,0.691,0.842,0.797,ACCEPT,
SPEC-00397,Hydrogenated rosin,65997-06-0,Hot-melt,FTIR,650-4000 cm-1,"25C, N2 purge",JASCO FT/IR-6600,SNIP,SDBS,10.5767/6b4f77cb,0.815,0.91,0.715,0.689,0.794,ACCEPT,
SPEC-00571,Cycloaliphatic epoxy,2386-87-0,Epoxy,Raman,200-3500 cm-1,"Ambient, 785nm laser",Horiba LabRAM HR,SNIP,NIST WebBook,10.6041/e12bde6d,0.999,0.695,0.725,0.917,0.852,ACCEPT,
SPEC-00662,Aminopropyltriethoxysilane,919-30-2,Silicone,FTIR,650-4000 cm-1,"Ambient, KBr pellet",Agilent Cary 630,SNIP,PubChem,10.6185/3284b897,0.739,0.836,0.771,0.75,0.772,ACCEPT,
SPEC-00613,Triglycidyl isocyanurate,2451-62-9,Epoxy,Raman,200-3500 cm-1,"Room temperature, ambient atmosphere",WITec alpha300,Polynomial (3rd order),Open SPECY,10.6206/48c2fe02,0.887,0.983,0.989,0.758,0.906,ACCEPT,
SPEC-00349,Nitrile rubber,9003-18-3,Rubber-based,Raman,200-3500 cm-1,"Room temperature, ambient atmosphere",Horiba LabRAM HR,Polynomial (3rd order),PubChem,10.9381/964800a6,0.832,0.849,0.865,0.768,0.83,ACCEPT,
SPEC-00056,Isobutyl methacrylate,97-86-9,Acrylic/PSA,IR,650-4000 cm-1,"Ambient, KBr pellet",Agilent Cary 630,Rubberband,NIST WebBook,10.3506/da4c6311,0.687,0.984,0.836,0.931,0.84,ACCEPT,
SPEC-00683,Aminopropyltriethoxysilane,919-30-2,Silicone,FTIR,650-4000 cm-1,"25C, N2 purge",JASCO FT/IR-6600,Polynomial (3rd order),KnowItAll,10.2533/af1f8abb,0.81,0.645,0.874,0.659,0.751,ACCEPT,
SPEC-00881,Polycaprolactone diol,36890-68-3,Polyurethane,IR,650-4000 cm-1,"Room temperature, ambient atmosphere",Bruker Vertex 70,SNIP,NIST WebBook,10.9446/2d23e117,0.871,0.757,0.965,0.972,0.882,ACCEPT,
SPEC-00253,Chloroprene rubber,9010-98-4,Rubber-based,FTIR,650-4000 cm-1,"23C, dry air",Thermo Nicolet iS50,Rubberband,KnowItAll,10.9720/2e91368e,0.699,0.683,0.643,0.624,0.669,FLAG,
SPEC-00936,Polycaprolactone diol,36890-68-3,Polyurethane,Raman,200-3500 cm-1,"Room temperature, ambient atmosphere",Thermo DXR3,Rubberband,NIST WebBook,10.9250/13722e24,0.775,0.652,0.854,0.733,0.752,ACCEPT,
SPEC-00755,Aminopropyltriethoxysilane,919-30-2,Silicone,Raman,200-3500 cm-1,"Room temperature, ambient atmosphere",Bruker Senterra II,Polynomial (3rd order),NIST WebBook,10.7489/9c281b32,0.967,0.883,0.644,0.678,0.824,ACCEPT,
SPEC-00677,Polydimethylsiloxane,63148-62-9,Silicone,IR,650-4000 cm-1,"Room temperature, ambient atmosphere",JASCO FT/IR-6600,Polynomial (3rd order),SDBS,10.1745/755f8908,0.668,0.972,0.762,0.742,0.778,ACCEPT,
SPEC-00830,Butyl cyanoacrylate,6606-65-1,Cyanoacrylate,Raman,200-3500 cm-1,"Room temperature, ambient atmosphere",WITec alpha300,Rubberband,NIST WebBook,10.6047/6a7ea43f,0.935,0.708,0.644,0.899,0.813,ACCEPT,
SPEC-00521,Bisphenol A diglycidyl ether,1675-54-3,Epoxy,FTIR,650-4000 cm-1,"25C, N2 purge",PerkinElmer Spectrum Two,SNIP,NIST WebBook,10.9753/4bc162c3,0.989,0.712,0.564,0.993,0.836,ACCEPT,
SPEC-00207,Acrylic acid,79-10-7,Acrylic/PSA,Raman,200-3500 cm-1,"Ambient, 785nm laser",Renishaw inVia,ALS,KnowItAll,10.3365/27c52635,0.782,0.902,0.763,0.94,0.84,ACCEPT,
SPEC-00411,Polypropylene wax,9003-07-0,Hot-melt,FTIR,650-4000 cm-1,"23C, dry air",Thermo Nicolet iS50,Rubberband,SDBS,10.7695/6ed59b93,0.817,0.693,0.937,0.713,0.789,ACCEPT,
SPEC-00151,Methyl methacrylate,80-62-6,Acrylic/PSA,Raman,200-3500 cm-1,"Room temperature, ambient atmosphere",Thermo DXR3,SNIP,NIST WebBook,10.1939/4cba114e,0.904,0.965,0.827,0.774,0.878,ACCEPT,
SPEC-00100,Ethyl acrylate,140-88-5,Acrylic/PSA,IR,650-4000 cm-1,"25C, N2 purge",Thermo Nicolet iS50,ALS,SpectraBase,10.6383/07ec70d3,0.674,0.906,0.643,0.686,0.728,FLAG,
SPEC-00620,Cycloaliphatic epoxy,2386-87-0,Epoxy,Raman,200-3500 cm-1,"Ambient, 785nm laser",Thermo DXR3,SNIP,PubChem,10.6927/dec5c132,0.876,0.611,0.894,0.797,0.798,ACCEPT,
SPEC-00929,Toluene diisocyanate,26471-62-5,Polyurethane,Raman,200-3500 cm-1,"23C, dry air",WITec alpha300,Rubberband,SDBS,10.5227/e7481452,0.654,0.933,0.856,0.95,0.823,ACCEPT,
SPEC-00333,Nitrile rubber,9003-18-3,Rubber-based,Raman,200-3500 cm-1,"Ambient, 785nm laser",Bruker Senterra II,Polynomial (3rd order),SpectraBase,10.1930/d85d7cee,0.899,0.957,0.684,0.66,0.823,ACCEPT,
SPEC-00772,Octyl cyanoacrylate,16493-40-6,Cyanoacrylate,IR,650-4000 cm-1,"25C, N2 purge",Thermo Nicolet iS50,ALS,SpectraBase,10.7558/a06cb3f1,0.907,0.981,0.699,0.896,0.882,ACCEPT,
SPEC-00578,Cycloaliphatic epoxy,2386-87-0,Epoxy,Raman,200-3500 cm-1,"25C, N2 purge",Horiba LabRAM HR,ALS,PubChem,10.1118/f282866f,0.864,0.911,0.557,0.795,0.801,ACCEPT,
SPEC-00190,Butyl acrylate,141-32-2,Acrylic/PSA,Raman,200-3500 cm-1,"25C, N2 purge",Thermo DXR3,SNIP,KnowItAll,10.7284/210e27ce,0.715,0.656,0.696,0.699,0.693,FLAG,
SPEC-00140,Methyl methacrylate,80-62-6,Acrylic/PSA,Raman,200-3500 cm-1,"Room temperature, ambient atmosphere",Horiba LabRAM HR,Polynomial (3rd order),SDBS,10.7934/c93e2e6b,0.74,0.934,0.797,0.891,0.83,ACCEPT,
SPEC-00708,Methyltrimethoxysilane,1185-55-3,Silicone,Raman,200-3500 cm-1,"Ambient, 785nm laser",WITec alpha300,ALS,SpectraBase,10.3561/31e3f84e,0.749,0.9,0.85,0.652,0.788,ACCEPT,
SPEC-00028,Acrylic acid,79-10-7,Acrylic/PSA,IR,650-4000 cm-1,"23C, dry air",Thermo Nicolet iS50,Rubberband,SDBS,10.4450/8369a192,0.69,0.643,0.799,0.709,0.704,FLAG,
SPEC-00171,Hydroxypropyl methacrylate,27813-02-1,Acrylic/PSA,Raman,200-3500 cm-1,"Room temperature, ambient atmosphere",Horiba LabRAM HR,Rubberband,PubChem,10.7563/daa87cb7,0.697,0.706,0.715,0.761,0.716,FLAG,
SPEC-00693,Aminopropyltriethoxysilane,919-30-2,Silicone,Raman,200-3500 cm-1,"25C, N2 purge",Bruker Senterra II,SNIP,SpectraBase,10.5921/2b04fde5,0.803,0.963,0.765,0.659,0.807,ACCEPT,
SPEC-00948,Methylene diphenyl diisocyanate,101-68-8,Polyurethane,Raman,200-3500 cm-1,"Ambient, 785nm laser",Thermo DXR3,ALS,SDBS,10.1513/e4bdd9fb,0.841,0.979,0.615,0.685,0.799,ACCEPT,
SPEC-00258,Natural rubber,9006-04-6,Rubber-based,IR,650-4000 cm-1,"23C, dry air",Agilent Cary 630,ALS,SpectraBase,10.8951/2812869f,0.823,0.729,0.678,0.819,0.77,ACCEPT,
SPEC-00204,Ethyl acrylate,140-88-5,Acrylic/PSA,Raman,200-3500 cm-1,"23C, dry air",Thermo DXR3,Polynomial (3rd order),KnowItAll,10.4836/81d58beb,0.839,0.902,0.899,0.656,0.83,ACCEPT,
SPEC-00078,Ethyl acrylate,140-88-5,Acrylic/PSA,FTIR,650-4000 cm-1,"Room temperature, ambient atmosphere",Agilent Cary 630,Polynomial (3rd order),NIST WebBook,10.3236/0cfc1d3d,0.81,0.658,0.636,0.84,0.743,FLAG,
SPEC-00487,Triglycidyl isocyanurate,2451-62-9,Epoxy,FTIR,650-4000 cm-1,"Room temperature, ambient atmosphere",JASCO FT/IR-6600,Polynomial (3rd order),Open SPECY,10.9631/b19a5eb3,0.868,0.997,0.863,0.867,0.899,ACCEPT,
SPEC-00916,Isophorone diisocyanate,4098-71-9,Polyurethane,Raman,200-3500 cm-1,"23C, dry air",Horiba LabRAM HR,ALS,KnowItAll,10.2249/e9682637,0.709,0.644,0.596,0.982,0.725,FLAG,
SPEC-00918,Polytetramethylene glycol,25190-06-1,Polyurethane,Raman,200-3500 cm-1,"23C, dry air",Bruker Senterra II,ALS,NIST WebBook,10.7047/489e42e0,0.936,0.739,0.597,0.966,0.825,ACCEPT,
SPEC-00044,Isobutyl methacrylate,97-86-9,Acrylic/PSA,FTIR,650-4000 cm-1,"Ambient, KBr pellet",Thermo Nicolet iS50,SNIP,Open SPECY,10.9270/f12b60d1,0.884,0.995,0.818,0.98,0.918,ACCEPT,
SPEC-00546,Cycloaliphatic epoxy,2386-87-0,Epoxy,FTIR,650-4000 cm-1,"23C, dry air",Thermo Nicolet iS50,ALS,PubChem,10.8917/651f7b87,0.826,0.764,0.796,0.747,0.789,ACCEPT,
SPEC-00061,Isobutyl methacrylate,97-86-9,Acrylic/PSA,FTIR,650-4000 cm-1,"25C, N2 purge",PerkinElmer Spectrum Two,Rubberband,PubChem,10.9779/e335d473,0.745,0.701,0.604,0.677,0.692,FLAG,
SPEC-00934,Toluene diisocyanate,26471-62-5,Polyurethane,Raman,200-3500 cm-1,"Ambient, 785nm laser",WITec alpha300,ALS,SDBS,10.1735/5c5d77e6,0.873,0.613,0.671,0.991,0.791,ACCEPT,
SPEC-00714,Octamethylcyclotetrasiloxane,556-67-2,Silicone,Raman,200-3500 cm-1,"25C, N2 purge",Renishaw inVia,SNIP,Open SPECY,10.1107/0401e2d1,0.777,0.928,0.605,0.681,0.761,ACCEPT,
SPEC-00435,Polypropylene wax,9003-07-0,Hot-melt,Raman,200-3500 cm-1,"23C, dry air",Bruker Senterra II,SNIP,PubChem,10.4530/2a8e20e4,0.847,0.827,0.729,0.876,0.824,ACCEPT,
SPEC-00272,Polybutadiene,9003-17-2,Rubber-based,IR,650-4000 cm-1,"Room temperature, ambient atmosphere",Bruker Vertex 70,ALS,NIST WebBook,10.3877/98a88f39,0.691,0.845,0.575,0.866,0.741,FLAG,
SPEC-00861,Methylene diphenyl diisocyanate,101-68-8,Polyurethane,IR,650-4000 cm-1,"Ambient, KBr pellet",PerkinElmer Spectrum Two,SNIP,NIST WebBook,10.1323/aea62c00,0.9,0.945,0.792,0.762,0.862,ACCEPT,
SPEC-00244,Natural rubber,9006-04-6,Rubber-based,FTIR,650-4000 cm-1,"Ambient, KBr pellet",PerkinElmer Spectrum Two,SNIP,NIST WebBook,10.6134/bca5fa4d,0.81,0.705,0.938,0.811,0.81,ACCEPT,
SPEC-00949,Isophorone diisocyanate,4098-71-9,Polyurethane,Raman,200-3500 cm-1,"23C, dry air",Bruker Senterra II,Polynomial (3rd order),NIST WebBook,10.7929/979f71c2,0.992,0.685,0.645,0.609,0.769,ACCEPT,
SPEC-00137,2-Ethylhexyl acrylate,103-11-7,Acrylic/PSA,Raman,200-3500 cm-1,"23C, dry air",Horiba LabRAM HR,ALS,SpectraBase,10.8391/eced30aa,0.745,0.962,0.616,0.775,0.779,ACCEPT,
SPEC-00734,Octamethylcyclotetrasiloxane,556-67-2,Silicone,Raman,200-3500 cm-1,"25C, N2 purge",Thermo DXR3,Polynomial (3rd order),Open SPECY,10.8357/9a9620e0,0.942,0.653,0.612,0.855,0.786,ACCEPT,
SPEC-00497,Novolac epoxy,28064-14-4,Epoxy,IR,650-4000 cm-1,"23C, dry air",Bruker Vertex 70,ALS,SpectraBase,10.1427/e8a5d456,0.866,0.842,0.826,0.839,0.847,ACCEPT,
SPEC-00009,2-Ethylhexyl acrylate,103-11-7,Acrylic/PSA,FTIR,650-4000 cm-1,"Ambient, KBr pellet",Agilent Cary 630,Polynomial (3rd order),SDBS,10.8019/9a138ecf,0.743,0.699,0.803,0.705,0.736,FLAG,
SPEC-00935,Hexamethylene diisocyanate,822-06-0,Polyurethane,Raman,200-3500 cm-1,"25C, N2 purge",Horiba LabRAM HR,Polynomial (3rd order),Open SPECY,10.9195/fa887cf8,0.683,0.723,0.991,0.901,0.798,ACCEPT,
SPEC-00057,Isobutyl methacrylate,97-86-9,Acrylic/PSA,FTIR,650-4000 cm-1,"23C, dry air",JASCO FT/IR-6600,SNIP,SpectraBase,10.2419/be17b580,0.813,0.93,0.817,0.729,0.826,ACCEPT,
SPEC-00382,Polyester hot-melt,25038-59-9,Hot-melt,FTIR,650-4000 cm-1,"Ambient, KBr pellet",JASCO FT/IR-6600,ALS,SDBS,10.8300/8dfdcd22,0.749,0.965,0.92,0.75,0.837,ACCEPT,
SPEC-00891,Methylene diphenyl diisocyanate,101-68-8,Polyurethane,IR,650-4000 cm-1,"25C, N2 purge",Thermo Nicolet iS50,ALS,Open SPECY,10.1289/4dfa31f0,0.696,0.615,0.996,0.972,0.791,ACCEPT,
SPEC-00803,Octyl cyanoacrylate,16493-40-6,Cyanoacrylate,FTIR,650-4000 cm-1,"23C, dry air",Thermo Nicolet iS50,ALS,PubChem,10.3903/11e2233a,0.937,0.937,0.627,0.607,0.809,ACCEPT,
SPEC-00492,Bisphenol A diglycidyl ether,1675-54-3,Epoxy,FTIR,650-4000 cm-1,"Room temperature, ambient atmosphere",Agilent Cary 630,SNIP,Open SPECY,10.3248/ebff2088,0.98,0.98,0.652,0.737,0.866,ACCEPT,
SPEC-00887,Isophorone diisocyanate,4098-71-9,Polyurethane,FTIR,650-4000 cm-1,"Ambient, KBr pellet",JASCO FT/IR-6600,Rubberband,Open SPECY,10.9222/ff112a68,0.93,0.886,0.696,0.906,0.867,ACCEPT,
SPEC-00456,Polypropylene wax,9003-07-0,Hot-melt,Raman,200-3500 cm-1,"Ambient, 785nm laser",Bruker Senterra II,Polynomial (3rd order),PubChem,10.5150/b94639eb,0.706,0.891,0.885,0.82,0.811,ACCEPT,
SPEC-00478,Ethylene-vinyl acetate,24937-78-8,Hot-melt,Raman,200-3500 cm-1,"Room temperature, ambient atmosphere",Horiba LabRAM HR,SNIP,PubChem,10.4714/c87280c0,0.973,0.734,0.946,0.774,0.868,ACCEPT,
SPEC-00947,Toluene diisocyanate,26471-62-5,Polyurethane,Raman,200-3500 cm-1,"Room temperature, ambient atmosphere",Thermo DXR3,Polynomial (3rd order),SpectraBase,10.8802/4f63ec3e,0.791,0.626,0.704,0.842,0.743,FLAG,
SPEC-00702,Aminopropyltriethoxysilane,919-30-2,Silicone,Raman,200-3500 cm-1,"Room temperature, ambient atmosphere",Horiba LabRAM HR,ALS,PubChem,10.6469/e3c81fba,0.855,0.681,0.806,0.934,0.818,ACCEPT,
SPEC-00750,Octamethylcyclotetrasiloxane,556-67-2,Silicone,Raman,200-3500 cm-1,"Room temperature, ambient atmosphere",Bruker Senterra II,Rubberband,Open SPECY,10.6381/6046463e,0.808,0.698,0.992,0.737,0.803,ACCEPT,
SPEC-00875,Polycaprolactone diol,36890-68-3,Polyurethane,FTIR,650-4000 cm-1,"23C, dry air",JASCO FT/IR-6600,ALS,KnowItAll,10.7660/8575c636,0.958,0.926,0.687,0.943,0.893,ACCEPT,
SPEC-00527,Epichlorohydrin,106-89-8,Epoxy,FTIR,650-4000 cm-1,"23C, dry air",Thermo Nicolet iS50,Rubberband,NIST WebBook,10.2927/24742b89,0.72,0.715,0.79,0.909,0.771,ACCEPT,
SPEC-00036,2-Ethylhexyl acrylate,103-11-7,Acrylic/PSA,IR,650-4000 cm-1,"Ambient, KBr pellet",PerkinElmer Spectrum Two,ALS,KnowItAll,10.6139/3b99c40a,0.853,0.993,0.567,0.839,0.828,ACCEPT,
SPEC-00698,Polydimethylsiloxane,63148-62-9,Silicone,Raman,200-3500 cm-1,"23C, dry air",Thermo DXR3,Polynomial (3rd order),NIST WebBook,10.8974/f31eceb8,0.655,0.862,0.757,0.762,0.749,FLAG,
SPEC-00902,Polycaprolactone diol,36890-68-3,Polyurethane,FTIR,650-4000 cm-1,"25C, N2 purge",JASCO FT/IR-6600,Rubberband,KnowItAll,10.2951/5bed1c4f,0.902,0.704,0.934,0.719,0.822,ACCEPT,
SPEC-00811,Ethyl cyanoacrylate,7085-85-0,Cyanoacrylate,Raman,200-3500 cm-1,"23C, dry air",Bruker Senterra II,Rubberband,NIST WebBook,10.3177/4340c7c4,0.86,0.993,0.863,0.871,0.896,ACCEPT,
SPEC-00851,2-Methoxyethyl cyanoacrylate,27816-23-5,Cyanoacrylate,Raman,200-3500 cm-1,"23C, dry air",Bruker Senterra II,Rubberband,Open SPECY,10.1963/9f4a5804,0.817,0.931,0.773,0.882,0.85,ACCEPT,
SPEC-00263,Natural rubber,9006-04-6,Rubber-based,FTIR,650-4000 cm-1,"Ambient, KBr pellet",Bruker Vertex 70,Rubberband,KnowItAll,10.3246/6e6031c8,0.784,0.892,0.596,0.725,0.762,ACCEPT,
SPEC-00318,Natural rubber,9006-04-6,Rubber-based,Raman,200-3500 cm-1,"Room temperature, ambient atmosphere",Thermo DXR3,SNIP,NIST WebBook,10.2097/82d4a8d5,0.999,0.851,0.925,0.703,0.888,ACCEPT,
SPEC-00523,Epichlorohydrin,106-89-8,Epoxy,FTIR,650-4000 cm-1,"Room temperature, ambient atmosphere",Thermo Nicolet iS50,Rubberband,PubChem,10.7131/ea2a60ae,0.808,0.98,0.647,0.721,0.801,ACCEPT,
SPEC-00824,Octyl cyanoacrylate,16493-40-6,Cyanoacrylate,Raman,200-3500 cm-1,"25C, N2 purge",Thermo DXR3,Rubberband,PubChem,10.7304/764fbd4d,0.758,0.995,0.582,0.954,0.821,ACCEPT,
SPEC-00187,Methyl methacrylate,80-62-6,Acrylic/PSA,Raman,200-3500 cm-1,"Ambient, 785nm laser",Bruker Senterra II,Rubberband,KnowItAll,10.8444/f8cd6864,0.653,0.827,0.598,0.993,0.754,ACCEPT,
SPEC-00113,2-Ethylhexyl acrylate,103-11-7,Acrylic/PSA,Raman,200-3500 cm-1,"Ambient, 785nm laser",Horiba LabRAM HR,SNIP,NIST WebBook,10.7947/a2c1ca77,0.705,0.847,0.853,0.709,0.771,ACCEPT,
SPEC-00067,2-Ethylhexyl acrylate,103-11-7,Acrylic/PSA,FTIR,650-4000 cm-1,"23C, dry air",Bruker Vertex 70,ALS,NIST WebBook,10.8699/d0ee8711,0.734,0.821,0.62,0.763,0.739,FLAG,
SPEC-00055,Butyl acrylate,141-32-2,Acrylic/PSA,IR,650-4000 cm-1,"Room temperature, ambient atmosphere",PerkinElmer Spectrum Two,Polynomial (3rd order),NIST WebBook,10.7071/b7bde0d9,0.929,0.826,0.568,0.813,0.808,ACCEPT,
SPEC-00259,Nitrile rubber,9003-18-3,Rubber-based,IR,650-4000 cm-1,"Room temperature, ambient atmosphere",Bruker Vertex 70,SNIP,Open SPECY,10.8479/8d562966,0.924,0.784,0.606,0.943,0.829,ACCEPT,
SPEC-00857,Octyl cyanoacrylate,16493-40-6,Cyanoacrylate,Raman,200-3500 cm-1,"25C, N2 purge",Bruker Senterra II,SNIP,SDBS,10.8107/d0fa563f,0.713,0.621,0.991,0.86,0.775,ACCEPT,
SPEC-00678,Aminopropyltriethoxysilane,919-30-2,Silicone,FTIR,650-4000 cm-1,"25C, N2 purge",PerkinElmer Spectrum Two,SNIP,SpectraBase,10.5264/2e9171f0,0.885,0.653,0.952,0.616,0.787,ACCEPT,
SPEC-00233,Polyisoprene,9003-31-0,Rubber-based,IR,650-4000 cm-1,"23C, dry air",PerkinElmer Spectrum Two,SNIP,Open SPECY,10.6228/424f0f92,0.861,0.878,0.766,0.671,0.808,ACCEPT,
SPEC-00363,Ethylene-vinyl acetate,24937-78-8,Hot-melt,FTIR,650-4000 cm-1,"23C, dry air",PerkinElmer Spectrum Two,SNIP,SDBS,10.8751/8e41e640,0.936,0.938,0.699,0.907,0.883,ACCEPT,
SPEC-00160,Butyl acrylate,141-32-2,Acrylic/PSA,Raman,200-3500 cm-1,"25C, N2 purge",Bruker Senterra II,SNIP,SDBS,10.3981/709c03f2,0.807,0.872,0.705,0.951,0.832,ACCEPT,
SPEC-00433,Polyester hot-melt,25038-59-9,Hot-melt,Raman,200-3500 cm-1,"25C, N2 purge",WITec alpha300,Rubberband,Open SPECY,10.7240/a9efb3c1,0.73,0.64,0.671,0.694,0.689,FLAG,
SPEC-00161,Methyl methacrylate,80-62-6,Acrylic/PSA,Raman,200-3500 cm-1,"23C, dry air",WITec alpha300,Polynomial (3rd order),NIST WebBook,10.4694/91ce0e76,0.941,0.807,0.687,0.665,0.802,ACCEPT,
SPEC-00264,Chloroprene rubber,9010-98-4,Rubber-based,IR,650-4000 cm-1,"Ambient, KBr pellet",Bruker Vertex 70,SNIP,SpectraBase,10.3480/eb294b1e,0.847,0.844,0.624,0.74,0.78,ACCEPT,
SPEC-00480,Polyethylene wax,9002-88-4,Hot-melt,Raman,200-3500 cm-1,"25C, N2 purge",Thermo DXR3,Polynomial (3rd order),Open SPECY,10.3425/6c626d8d,0.913,0.83,0.591,0.773,0.8,ACCEPT,
SPEC-00390,Polyethylene wax,9002-88-4,Hot-melt,FTIR,650-4000 cm-1,"25C, N2 purge",Thermo Nicolet iS50,ALS,SDBS,10.5140/8ed5655a,0.967,0.941,0.614,0.674,0.831,ACCEPT,
SPEC-00303,Nitrile rubber,9003-18-3,Rubber-based,Raman,200-3500 cm-1,"Room temperature, ambient atmosphere",Bruker Senterra II,Rubberband,SDBS,10.7415/60788401,0.891,0.651,0.878,0.98,0.846,ACCEPT,
SPEC-00417,Polyester hot-melt,25038-59-9,Hot-melt,FTIR,650-4000 cm-1,"Ambient, KBr pellet",JASCO FT/IR-6600,ALS,SpectraBase,10.9099/12804f57,0.832,0.885,0.819,0.978,0.872,ACCEPT,
SPEC-00890,Hexamethylene diisocyanate,822-06-0,Polyurethane,FTIR,650-4000 cm-1,"25C, N2 purge",Bruker Vertex 70,Rubberband,NIST WebBook,10.2688/cb33bfa2,0.998,0.699,0.919,0.679,0.844,ACCEPT,
SPEC-00522,Bisphenol A diglycidyl ether,1675-54-3,Epoxy,IR,650-4000 cm-1,"Ambient, KBr pellet",JASCO FT/IR-6600,ALS,PubChem,10.5448/4c8f7826,0.953,0.901,0.867,0.726,0.877,ACCEPT,
SPEC-00799,Butyl cyanoacrylate,6606-65-1,Cyanoacrylate,IR,650-4000 cm-1,"Ambient, KBr pellet",Thermo Nicolet iS50,SNIP,NIST WebBook,10.4559/5e773c71,0.959,0.815,0.85,0.627,0.835,ACCEPT,
SPEC-00250,Polyisoprene,9003-31-0,Rubber-based,IR,650-4000 cm-1,"Room temperature, ambient atmosphere",JASCO FT/IR-6600,ALS,SDBS,10.9369/cd012407,0.709,0.783,0.884,0.906,0.802,ACCEPT,
SPEC-00097,Hydroxypropyl methacrylate,27813-02-1,Acrylic/PSA,FTIR,650-4000 cm-1,"23C, dry air",PerkinElmer Spectrum Two,ALS,Open SPECY,10.7686/18bf01dc,0.856,0.891,0.948,0.862,0.884,ACCEPT,
SPEC-00818,Methyl cyanoacrylate,137-05-3,Cyanoacrylate,Raman,200-3500 cm-1,"Ambient, 785nm laser",Horiba LabRAM HR,Polynomial (3rd order),PubChem,10.7983/c488da1c,0.857,0.932,0.969,0.695,0.866,ACCEPT,
SPEC-00625,Methyltrimethoxysilane,1185-55-3,Silicone,IR,650-4000 cm-1,"25C, N2 purge",Bruker Vertex 70,Rubberband,SpectraBase,10.2678/dfa70fe2,0.831,0.749,0.768,0.736,0.779,ACCEPT,
SPEC-00240,Polyisoprene,9003-31-0,Rubber-based,IR,650-4000 cm-1,"Ambient, KBr pellet",Thermo Nicolet iS50,SNIP,Open SPECY,10.2599/28f37cd0,0.759,0.782,0.643,0.793,0.748,FLAG,
SPEC-00640,Aminopropyltriethoxysilane,919-30-2,Silicone,FTIR,650-4000 cm-1,"Room temperature, ambient atmosphere",Agilent Cary 630,Rubberband,PubChem,10.9161/14738184,0.731,0.977,0.563,0.895,0.792,ACCEPT,
SPEC-00827,Octyl cyanoacrylate,16493-40-6,Cyanoacrylate,Raman,200-3500 cm-1,"Room temperature, ambient atmosphere",WITec alpha300,ALS,NIST WebBook,10.3644/7f99b8fd,0.98,0.659,0.661,0.831,0.806,ACCEPT,
SPEC-00007,2-Ethylhexyl acrylate,103-11-7,Acrylic/PSA,FTIR,650-4000 cm-1,"23C, dry air",Bruker Vertex 70,ALS,NIST WebBook,10.4598/7cfd83bd,0.837,0.698,0.758,0.708,0.761,ACCEPT,
SPEC-00109,Butyl acrylate,141-32-2,Acrylic/PSA,Raman,200-3500 cm-1,"23C, dry air",Bruker Senterra II,ALS,PubChem,10.6736/6b939981,0.852,0.685,0.846,0.69,0.777,ACCEPT,
SPEC-00623,Bisphenol A diglycidyl ether,1675-54-3,Epoxy,Raman,200-3500 cm-1,"Room temperature, ambient atmosphere",Bruker Senterra II,Rubberband,NIST WebBook,10.4002/a5158d84,0.751,0.812,0.971,0.806,0.821,ACCEPT,
SPEC-00254,Polyisoprene,9003-31-0,Rubber-based,FTIR,650-4000 cm-1,"Ambient, KBr pellet",PerkinElmer Spectrum Two,ALS,PubChem,10.3221/f3f2f2f6,0.85,0.981,0.781,0.96,0.891,ACCEPT,
SPEC-00595,Novolac epoxy,28064-14-4,Epoxy,Raman,200-3500 cm-1,"Room temperature, ambient atmosphere",Bruker Senterra II,Polynomial (3rd order),SDBS,10.4393/2dbe943b,0.661,0.77,0.671,0.978,0.754,ACCEPT,
SPEC-00040,Ethyl acrylate,140-88-5,Acrylic/PSA,FTIR,650-4000 cm-1,"Ambient, KBr pellet",PerkinElmer Spectrum Two,Rubberband,Open SPECY,10.4501/07cf97f0,0.8,0.832,0.845,0.786,0.814,ACCEPT,
SPEC-00701,Methyltrimethoxysilane,1185-55-3,Silicone,Raman,200-3500 cm-1,"Ambient, 785nm laser",Thermo DXR3,SNIP,NIST WebBook,10.8295/5922c020,0.816,0.609,0.625,0.661,0.695,FLAG,
SPEC-00831,Ethyl cyanoacrylate,7085-85-0,Cyanoacrylate,Raman,200-3500 cm-1,"25C, N2 purge",Thermo DXR3,Rubberband,KnowItAll,10.8060/4ace709b,0.684,0.909,0.738,0.767,0.768,ACCEPT,
SPEC-00920,Toluene diisocyanate,26471-62-5,Polyurethane,Raman,200-3500 cm-1,"Ambient, 785nm laser",Bruker Senterra II,SNIP,KnowItAll,10.9097/70a0add0,0.682,0.998,0.632,0.754,0.765,ACCEPT,
SPEC-00377,Polypropylene wax,9003-07-0,Hot-melt,FTIR,650-4000 cm-1,"Room temperature, ambient atmosphere",JASCO FT/IR-6600,Rubberband,NIST WebBook,10.3536/dc4b31b5,0.696,0.834,0.665,0.732,0.731,FLAG,
SPEC-00332,Nitrile rubber,9003-18-3,Rubber-based,Raman,200-3500 cm-1,"23C, dry air",WITec alpha300,Polynomial (3rd order),KnowItAll,10.5529/361adeca,0.858,0.713,0.858,0.793,0.809,ACCEPT,
SPEC-00338,Polybutadiene,9003-17-2,Rubber-based,Raman,200-3500 cm-1,"Room temperature, ambient atmosphere",Horiba LabRAM HR,SNIP,Open SPECY,10.4187/2b2b5457,0.669,0.854,0.811,0.848,0.779,ACCEPT,
SPEC-00534,Triglycidyl isocyanurate,2451-62-9,Epoxy,IR,650-4000 cm-1,"Room temperature, ambient atmosphere",PerkinElmer Spectrum Two,SNIP,SpectraBase,10.9322/6e9780b6,0.811,0.668,0.896,0.842,0.798,ACCEPT,
SPEC-00628,Octamethylcyclotetrasiloxane,556-67-2,Silicone,FTIR,650-4000 cm-1,"25C, N2 purge",Bruker Vertex 70,Rubberband,SpectraBase,10.6036/f37512c6,0.935,0.689,0.936,0.657,0.818,ACCEPT,
SPEC-00428,Polypropylene wax,9003-07-0,Hot-melt,Raman,200-3500 cm-1,"23C, dry air",WITec alpha300,SNIP,Open SPECY,10.3996/aed2603e,0.822,0.994,0.954,0.948,0.917,ACCEPT,
SPEC-00286,Nitrile rubber,9003-18-3,Rubber-based,IR,650-4000 cm-1,"23C, dry air",PerkinElmer Spectrum Two,SNIP,PubChem,10.5066/74926fd8,0.894,0.616,0.926,0.731,0.798,ACCEPT,
SPEC-00922,Polytetramethylene glycol,25190-06-1,Polyurethane,Raman,200-3500 cm-1,"25C, N2 purge",WITec alpha300,ALS,NIST WebBook,10.7911/1c22f077,0.822,0.814,0.654,0.633,0.749,FLAG,
SPEC-00043,Butyl acrylate,141-32-2,Acrylic/PSA,IR,650-4000 cm-1,"25C, N2 purge",Bruker Vertex 70,ALS,Open SPECY,10.1822/64f6f29e,0.922,0.688,0.912,0.878,0.853,ACCEPT,
SPEC-00365,Polyethylene wax,9002-88-4,Hot-melt,IR,650-4000 cm-1,"25C, N2 purge",Thermo Nicolet iS50,ALS,SDBS,10.4209/07f4e71d,0.699,0.887,0.875,0.643,0.77,ACCEPT,
SPEC-00152,2-Ethylhexyl acrylate,103-11-7,Acrylic/PSA,Raman,200-3500 cm-1,"Room temperature, ambient atmosphere",Bruker Senterra II,Rubberband,PubChem,10.3068/379432d4,0.983,0.657,0.823,0.913,0.855,ACCEPT,
SPEC-00791,2-Methoxyethyl cyanoacrylate,27816-23-5,Cyanoacrylate,FTIR,650-4000 cm-1,"Room temperature, ambient atmosphere",Bruker Vertex 70,Rubberband,NIST WebBook,10.5991/bbd1d871,0.785,0.79,0.698,0.985,0.809,ACCEPT,
SPEC-00510,Bisphenol A diglycidyl ether,1675-54-3,Epoxy,FTIR,650-4000 cm-1,"Room temperature, ambient atmosphere",Agilent Cary 630,Rubberband,NIST WebBook,10.4401/cd9a8fd3,0.86,0.603,0.947,0.711,0.783,ACCEPT,
SPEC-00587,Bisphenol F epoxy,2095-03-6,Epoxy,Raman,200-3500 cm-1,"Room temperature, ambient atmosphere",Bruker Senterra II,ALS,KnowItAll,10.3084/f19e2c40,0.81,0.678,0.711,0.708,0.737,FLAG,
SPEC-00116,Methyl methacrylate,80-62-6,Acrylic/PSA,Raman,200-3500 cm-1,"23C, dry air",Horiba LabRAM HR,ALS,SpectraBase,10.9196/76d1c802,0.824,0.772,0.608,0.813,0.766,ACCEPT,
SPEC-00823,Methyl cyanoacrylate,137-05-3,Cyanoacrylate,Raman,200-3500 cm-1,"Ambient, 785nm laser",Renishaw inVia,Polynomial (3rd order),Open SPECY,10.7812/ba2b16b0,0.651,0.945,0.879,0.75,0.79,ACCEPT,
SPEC-00375,Polyethylene wax,9002-88-4,Hot-melt,IR,650-4000 cm-1,"25C, N2 purge",JASCO FT/IR-6600,Rubberband,SDBS,10.9955/d9912f5d,0.94,0.965,0.867,0.859,0.915,ACCEPT,
SPEC-00396,Polyester hot-melt,25038-59-9,Hot-melt,FTIR,650-4000 cm-1,"25C, N2 purge",Bruker Vertex 70,ALS,SDBS,10.7637/30ef27e2,0.676,0.607,0.778,0.612,0.666,FLAG,
SPEC-00713,Octamethylcyclotetrasiloxane,556-67-2,Silicone,Raman,200-3500 cm-1,"Ambient, 785nm laser",Renishaw inVia,ALS,NIST WebBook,10.8233/a51fad7f,0.691,0.682,0.713,0.891,0.733,FLAG,
SPEC-00144,Hydroxypropyl methacrylate,27813-02-1,Acrylic/PSA,Raman,200-3500 cm-1,"Room temperature, ambient atmosphere",Horiba LabRAM HR,Polynomial (3rd order),KnowItAll,10.4950/7d15ba1b,0.993,0.701,0.557,0.915,0.817,ACCEPT,
SPEC-00251,Polyisoprene,9003-31-0,Rubber-based,FTIR,650-4000 cm-1,"Room temperature, ambient atmosphere",JASCO FT/IR-6600,Rubberband,SpectraBase,10.7965/7187424f,0.84,0.903,0.892,0.777,0.854,ACCEPT,
SPEC-00339,Polyisoprene,9003-31-0,Rubber-based,Raman,200-3500 cm-1,"Ambient, 785nm laser",WITec alpha300,Rubberband,KnowItAll,10.7704/e9565b26,0.795,0.948,0.618,0.997,0.838,ACCEPT,
SPEC-00245,Polyisoprene,9003-31-0,Rubber-based,IR,650-4000 cm-1,"25C, N2 purge",PerkinElmer Spectrum Two,Polynomial (3rd order),KnowItAll,10.2388/70880659,0.946,0.847,0.916,0.882,0.902,ACCEPT,
SPEC-00296,Styrene-butadiene rubber,9003-55-8,Rubber-based,Raman,200-3500 cm-1,"25C, N2 purge",Renishaw inVia,SNIP,NIST WebBook,10.1916/cbc9d418,0.737,0.696,0.79,0.916,0.773,ACCEPT,
SPEC-00124,Methyl methacrylate,80-62-6,Acrylic/PSA,Raman,200-3500 cm-1,"Ambient, 785nm laser",Thermo DXR3,SNIP,PubChem,10.9307/e661b5e3,0.67,0.933,0.585,0.946,0.774,ACCEPT,
SPEC-00845,Butyl cyanoacrylate,6606-65-1,Cyanoacrylate,Raman,200-3500 cm-1,"Ambient, 785nm laser",Horiba LabRAM HR,SNIP,NIST WebBook,10.6623/4e76fc4c,0.955,0.973,0.895,0.84,0.925,ACCEPT,
SPEC-00268,Styrene-butadiene rubber,9003-55-8,Rubber-based,IR,650-4000 cm-1,"23C, dry air",JASCO FT/IR-6600,Rubberband,SDBS,10.7895/df71b2ab,0.995,0.974,0.609,0.944,0.902,ACCEPT,
SPEC-00063,Acrylic acid,79-10-7,Acrylic/PSA,FTIR,650-4000 cm-1,"25C, N2 purge",Thermo Nicolet iS50,SNIP,SDBS,10.5786/e217f480,0.655,0.814,0.673,0.99,0.765,ACCEPT,
SPEC-00343,Nitrile rubber,9003-18-3,Rubber-based,Raman,200-3500 cm-1,"Room temperature, ambient atmosphere",Horiba LabRAM HR,SNIP,KnowItAll,10.3112/b1327994,0.651,0.893,0.652,0.951,0.772,ACCEPT,
SPEC-00872,Hexamethylene diisocyanate,822-06-0,Polyurethane,FTIR,650-4000 cm-1,"23C, dry air",JASCO FT/IR-6600,SNIP,Open SPECY,10.3960/577b040e,0.863,0.959,0.627,0.979,0.863,ACCEPT,
SPEC-00603,Triglycidyl isocyanurate,2451-62-9,Epoxy,Raman,200-3500 cm-1,"23C, dry air",Bruker Senterra II,SNIP,SpectraBase,10.9513/2a58e635,0.805,0.858,0.681,0.625,0.757,ACCEPT,
SPEC-00212,Methyl acrylate,96-33-3,Acrylic/PSA,Raman,200-3500 cm-1,"23C, dry air",WITec alpha300,Rubberband,NIST WebBook,10.8692/7bc5e3d2,0.758,0.744,0.947,0.786,0.798,ACCEPT,
SPEC-00459,Polyamide resin,63428-84-2,Hot-melt,Raman,200-3500 cm-1,"Room temperature, ambient atmosphere",Horiba LabRAM HR,Polynomial (3rd order),NIST WebBook,10.1983/5eb9d7ff,0.705,0.637,0.828,0.972,0.766,ACCEPT,
SPEC-00436,Polyethylene wax,9002-88-4,Hot-melt,Raman,200-3500 cm-1,"Room temperature, ambient atmosphere",Horiba LabRAM HR,SNIP,KnowItAll,10.6638/1aa70f94,0.911,0.704,0.712,0.823,0.802,ACCEPT,
SPEC-00882,Hexamethylene diisocyanate,822-06-0,Polyurethane,FTIR,650-4000 cm-1,"Ambient, KBr pellet",Bruker Vertex 70,Polynomial (3rd order),KnowItAll,10.4050/c89ebd70,0.652,0.784,0.684,0.643,0.69,FLAG,
SPEC-00300,Polyisoprene,9003-31-0,Rubber-based,Raman,200-3500 cm-1,"23C, dry air",Renishaw inVia,ALS,PubChem,10.9622/222e8458,0.671,0.659,0.867,0.657,0.704,FLAG,
SPEC-00386,Polyethylene wax,9002-88-4,Hot-melt,FTIR,650-4000 cm-1,"Room temperature, ambient atmosphere",Agilent Cary 630,ALS,SDBS,10.1096/76ecb3b3,0.871,0.773,0.558,0.869,0.784,ACCEPT,
SPEC-00724,Octamethylcyclotetrasiloxane,556-67-2,Silicone,Raman,200-3500 cm-1,"25C, N2 purge",Horiba LabRAM HR,Polynomial (3rd order),KnowItAll,10.4868/ce515496,0.979,0.779,0.808,0.602,0.819,ACCEPT,
SPEC-00442,Ethylene-vinyl acetate,24937-78-8,Hot-melt,Raman,200-3500 cm-1,"Room temperature, ambient atmosphere",Thermo DXR3,ALS,Open SPECY,10.9584/d2249436,0.683,0.975,0.763,0.622,0.76,ACCEPT,
SPEC-00164,Acrylic acid,79-10-7,Acrylic/PSA,Raman,200-3500 cm-1,"23C, dry air",Horiba LabRAM HR,Polynomial (3rd order),Open SPECY,10.9938/b0c305ff,0.878,0.907,0.737,0.856,0.853,ACCEPT,
SPEC-00065,Methyl methacrylate,80-62-6,Acrylic/PSA,FTIR,650-4000 cm-1,"Ambient, KBr pellet",Bruker Vertex 70,Rubberband,SpectraBase,10.2940/aa5872a8,0.703,0.924,0.977,0.634,0.799,ACCEPT,
SPEC-00062,Acrylic acid,79-10-7,Acrylic/PSA,IR,650-4000 cm-1,"23C, dry air",Agilent Cary 630,Rubberband,PubChem,10.4180/0b701042,0.904,0.991,0.786,0.713,0.864,ACCEPT,
SPEC-00236,Nitrile rubber,9003-18-3,Rubber-based,IR,650-4000 cm-1,"Ambient, KBr pellet",PerkinElmer Spectrum Two,SNIP,SDBS,10.8851/a0c29f5c,0.704,0.769,0.72,0.78,0.739,FLAG,
SPEC-00299,Natural rubber,9006-04-6,Rubber-based,Raman,200-3500 cm-1,"25C, N2 purge",Horiba LabRAM HR,Polynomial (3rd order),SDBS,10.4300/3dc8ce32,0.861,0.608,0.765,0.733,0.753,ACCEPT,
SPEC-00071,Ethyl acrylate,140-88-5,Acrylic/PSA,IR,650-4000 cm-1,"Room temperature, ambient atmosphere",Bruker Vertex 70,Rubberband,NIST WebBook,10.5415/b5b954eb,0.987,0.934,0.809,0.98,0.937,ACCEPT,
SPEC-00474,Ethylene-vinyl acetate,24937-78-8,Hot-melt,Raman,200-3500 cm-1,"23C, dry air",WITec alpha300,ALS,SpectraBase,10.4519/911a0a07,0.831,0.997,0.686,0.72,0.821,ACCEPT,
SPEC-00088,Acrylic acid,79-10-7,Acrylic/PSA,FTIR,650-4000 cm-1,"Ambient, KBr pellet",PerkinElmer Spectrum Two,ALS,SpectraBase,10.7302/2bb179ce,0.874,0.77,0.663,0.938,0.819,ACCEPT,
SPEC-00358,Polyethylene wax,9002-88-4,Hot-melt,IR,650-4000 cm-1,"25C, N2 purge",Agilent Cary 630,Polynomial (3rd order),KnowItAll,10.1202/b2bc9df2,0.69,0.765,0.571,0.705,0.688,FLAG,
SPEC-00139,2-Ethylhexyl acrylate,103-11-7,Acrylic/PSA,Raman,200-3500 cm-1,"Ambient, 785nm laser",Bruker Senterra II,ALS,SpectraBase,10.8685/bd6dd96e,0.698,0.715,0.923,0.878,0.783,ACCEPT,
SPEC-00195,Butyl acrylate,141-32-2,Acrylic/PSA,Raman,200-3500 cm-1,"23C, dry air",WITec alpha300,SNIP,SpectraBase,10.3695/fd17d8db,0.672,0.819,0.777,0.829,0.761,ACCEPT,
SPEC-00416,Polyamide resin,63428-84-2,Hot-melt,IR,650-4000 cm-1,"Room temperature, ambient atmosphere",Bruker Vertex 70,SNIP,KnowItAll,10.2311/58fbc7cb,0.815,0.84,0.59,0.705,0.754,ACCEPT,
SPEC-00854,Methyl cyanoacrylate,137-05-3,Cyanoacrylate,Raman,200-3500 cm-1,"23C, dry air",Bruker Senterra II,SNIP,SDBS,10.1886/9dbc8ea9,0.895,0.819,0.594,0.729,0.783,ACCEPT,
SPEC-00314,Polybutadiene,9003-17-2,Rubber-based,Raman,200-3500 cm-1,"Room temperature, ambient atmosphere",Bruker Senterra II,Rubberband,SpectraBase,10.5400/41c825b5,0.779,0.778,0.668,0.786,0.758,ACCEPT,
SPEC-00353,Polyisoprene,9003-31-0,Rubber-based,Raman,200-3500 cm-1,"23C, dry air",Thermo DXR3,SNIP,KnowItAll,10.6901/e533ab06,0.742,0.62,0.916,0.95,0.788,ACCEPT,
SPEC-00169,Isobutyl methacrylate,97-86-9,Acrylic/PSA,Raman,200-3500 cm-1,"25C, N2 purge",Thermo DXR3,Rubberband,SDBS,10.8491/d33b9e38,0.825,0.723,0.56,0.978,0.777,ACCEPT,
SPEC-00136,2-Ethylhexyl acrylate,103-11-7,Acrylic/PSA,Raman,200-3500 cm-1,"Room temperature, ambient atmosphere",Renishaw inVia,Polynomial (3rd order),PubChem,10.9452/a752ba3a,0.956,0.621,0.766,0.748,0.793,ACCEPT,
SPEC-00039,2-Ethylhexyl acrylate,103-11-7,Acrylic/PSA,FTIR,650-4000 cm-1,"Ambient, KBr pellet",JASCO FT/IR-6600,ALS,SpectraBase,10.5930/26e8402e,0.717,0.866,0.721,0.899,0.791,ACCEPT,
SPEC-00312,Polyisoprene,9003-31-0,Rubber-based,Raman,200-3500 cm-1,"23C, dry air",Horiba LabRAM HR,ALS,SpectraBase,10.3798/9a7e6351,0.938,0.85,0.766,0.639,0.822,ACCEPT,
SPEC-00050,Methyl methacrylate,80-62-6,Acrylic/PSA,IR,650-4000 cm-1,"23C, dry air",Agilent Cary 630,Rubberband,KnowItAll,10.7211/2fc6bec8,0.679,0.771,0.94,0.673,0.753,ACCEPT,
SPEC-00743,Phenyltrimethoxysilane,2996-92-1,Silicone,Raman,200-3500 cm-1,"23C, dry air",WITec alpha300,SNIP,KnowItAll,10.1993/8e33f18f,0.733,0.803,0.777,0.98,0.809,ACCEPT,
SPEC-00045,Isobutyl methacrylate,97-86-9,Acrylic/PSA,IR,650-4000 cm-1,"25C, N2 purge",Agilent Cary 630,Polynomial (3rd order),SDBS,10.8939/7ea8920e,0.741,0.699,0.837,0.906,0.783,ACCEPT,
SPEC-00266,Natural rubber,9006-04-6,Rubber-based,FTIR,650-4000 cm-1,"23C, dry air",Bruker Vertex 70,Rubberband,NIST WebBook,10.1439/2e9f6206,0.844,0.84,0.823,0.912,0.852,ACCEPT,
SPEC-00054,Methyl methacrylate,80-62-6,Acrylic/PSA,FTIR,650-4000 cm-1,"Room temperature, ambient atmosphere",Bruker Vertex 70,Rubberband,NIST WebBook,10.4249/7378c25c,0.975,0.83,0.959,0.75,0.891,ACCEPT,
SPEC-00951,Methylene diphenyl diisocyanate,101-68-8,Polyurethane,Raman,200-3500 cm-1,"23C, dry air",Renishaw inVia,SNIP,SpectraBase,10.4253/0a8acfe3,0.682,0.961,0.704,0.901,0.8,ACCEPT,
SPEC-00378,Ethylene-vinyl acetate,24937-78-8,Hot-melt,FTIR,650-4000 cm-1,"Room temperature, ambient atmosphere",JASCO FT/IR-6600,Polynomial (3rd order),SDBS,10.6866/9c8d590f,0.921,0.85,0.929,0.72,0.865,ACCEPT,
SPEC-00952,Isophorone diisocyanate,4098-71-9,Polyurethane,Raman,200-3500 cm-1,"Room temperature, ambient atmosphere",Thermo DXR3,Rubberband,NIST WebBook,10.7375/03ef74b5,0.837,0.914,0.985,0.775,0.873,ACCEPT,
SPEC-00091,Methyl methacrylate,80-62-6,Acrylic/PSA,IR,650-4000 cm-1,"23C, dry air",Bruker Vertex 70,SNIP,PubChem,10.5835/9feb9138,0.758,0.776,0.811,0.893,0.8,ACCEPT,
SPEC-00879,Methylene diphenyl diisocyanate,101-68-8,Polyurethane,IR,650-4000 cm-1,"25C, N2 purge",Thermo Nicolet iS50,Polynomial (3rd order),Open SPECY,10.7211/4c7fb863,0.778,0.653,0.709,0.62,0.701,FLAG,
SPEC-00232,Polyisoprene,9003-31-0,Rubber-based,IR,650-4000 cm-1,"23C, dry air",Thermo Nicolet iS50,SNIP,KnowItAll,10.8212/c283d495,0.652,0.758,0.929,0.752,0.754,ACCEPT,
SPEC-00663,Methyltrimethoxysilane,1185-55-3,Silicone,IR,650-4000 cm-1,"Room temperature, ambient atmosphere",PerkinElmer Spectrum Two,Rubberband,SDBS,10.1570/6a170510,0.777,0.886,0.92,0.608,0.799,ACCEPT,
SPEC-00616,Bisphenol F epoxy,2095-03-6,Epoxy,Raman,200-3500 cm-1,"Room temperature, ambient atmosphere",Thermo DXR3,SNIP,SDBS,10.6495/6f8e055a,0.942,0.839,0.615,0.721,0.807,ACCEPT,
SPEC-00108,Hydroxypropyl methacrylate,27813-02-1,Acrylic/PSA,FTIR,650-4000 cm-1,"23C, dry air",Bruker Vertex 70,Polynomial (3rd order),NIST WebBook,10.1842/a07f927c,0.774,0.866,0.888,0.947,0.854,ACCEPT,
SPEC-00143,Methyl acrylate,96-33-3,Acrylic/PSA,Raman,200-3500 cm-1,"Ambient, 785nm laser",WITec alpha300,SNIP,SDBS,10.1333/37b1b530,0.674,0.81,0.778,0.995,0.793,ACCEPT,
SPEC-00710,Polydimethylsiloxane,63148-62-9,Silicone,Raman,200-3500 cm-1,"Ambient, 785nm laser",WITec alpha300,Polynomial (3rd order),SDBS,10.4671/1c098dc8,0.932,0.735,0.601,0.691,0.768,ACCEPT,
SPEC-00539,Cycloaliphatic epoxy,2386-87-0,Epoxy,IR,650-4000 cm-1,"Ambient, KBr pellet",JASCO FT/IR-6600,Rubberband,KnowItAll,10.7389/1545522b,0.933,0.903,0.847,0.781,0.878,ACCEPT,
SPEC-00850,Butyl cyanoacrylate,6606-65-1,Cyanoacrylate,Raman,200-3500 cm-1,"23C, dry air",WITec alpha300,ALS,SDBS,10.6245/a0dd5ce2,0.701,0.866,0.911,0.881,0.82,ACCEPT,
SPEC-00030,2-Ethylhexyl acrylate,103-11-7,Acrylic/PSA,IR,650-4000 cm-1,"Room temperature, ambient atmosphere",PerkinElmer Spectrum Two,Polynomial (3rd order),PubChem,10.3442/2a95ea5c,0.909,0.821,0.742,0.604,0.793,ACCEPT,
SPEC-00588,Bisphenol F epoxy,2095-03-6,Epoxy,Raman,200-3500 cm-1,"25C, N2 purge",Bruker Senterra II,Rubberband,SpectraBase,10.5835/6d5f7081,0.689,0.786,0.738,0.904,0.766,ACCEPT,
SPEC-00778,Butyl cyanoacrylate,6606-65-1,Cyanoacrylate,FTIR,650-4000 cm-1,"25C, N2 purge",Thermo Nicolet iS50,ALS,SDBS,10.9011/71ba6743,0.737,0.852,0.676,0.651,0.736,FLAG,
SPEC-00692,Polydimethylsiloxane,63148-62-9,Silicone,Raman,200-3500 cm-1,"Ambient, 785nm laser",Horiba LabRAM HR,ALS,NIST WebBook,10.3540/5a393fcd,0.83,0.989,0.854,0.859,0.88,ACCEPT,
SPEC-00590,Cycloaliphatic epoxy,2386-87-0,Epoxy,Raman,200-3500 cm-1,"Room temperature, ambient atmosphere",Horiba LabRAM HR,SNIP,SpectraBase,10.3440/fe95207c,0.8,0.949,0.662,0.774,0.804,ACCEPT,
SPEC-00870,Hexamethylene diisocyanate,822-06-0,Polyurethane,FTIR,650-4000 cm-1,"Room temperature, ambient atmosphere",Bruker Vertex 70,ALS,SpectraBase,10.5483/20039ea8,0.874,0.745,0.7,0.709,0.774,ACCEPT,
SPEC-00711,Vinyltrimethoxysilane,2768-02-7,Silicone,Raman,200-3500 cm-1,"Room temperature, ambient atmosphere",Bruker Senterra II,ALS,NIST WebBook,10.9444/10069b6d,0.919,0.908,0.801,0.959,0.901,ACCEPT,
SPEC-00655,Methyltrimethoxysilane,1185-55-3,Silicone,FTIR,650-4000 cm-1,"25C, N2 purge",Thermo Nicolet iS50,SNIP,KnowItAll,10.2055/6c6afc82,0.703,0.874,0.685,0.774,0.756,ACCEPT,
SPEC-00049,Hydroxypropyl methacrylate,27813-02-1,Acrylic/PSA,IR,650-4000 cm-1,"Ambient, KBr pellet",PerkinElmer Spectrum Two,Rubberband,NIST WebBook,10.3704/452ee345,0.82,0.756,0.851,0.919,0.83,ACCEPT,
SPEC-00577,Epichlorohydrin,106-89-8,Epoxy,Raman,200-3500 cm-1,"Room temperature, ambient atmosphere",Horiba LabRAM HR,Rubberband,Open SPECY,10.4991/d360aab4,0.699,0.766,0.863,0.821,0.773,ACCEPT,
SPEC-00321,Polyisoprene,9003-31-0,Rubber-based,Raman,200-3500 cm-1,"25C, N2 purge",Thermo DXR3,SNIP,KnowItAll,10.7602/b1e6a77a,0.784,0.794,0.824,0.615,0.761,ACCEPT,
SPEC-00082,Methyl acrylate,96-33-3,Acrylic/PSA,IR,650-4000 cm-1,"25C, N2 purge",JASCO FT/IR-6600,SNIP,Open SPECY,10.1251/1835769e,0.954,0.95,0.748,0.81,0.883,ACCEPT,
SPEC-00897,Methylene diphenyl diisocyanate,101-68-8,Polyurethane,IR,650-4000 cm-1,"25C, N2 purge",Agilent Cary 630,ALS,SpectraBase,10.9741/75f89529,0.676,0.819,0.704,0.89,0.76,ACCEPT,
SPEC-00355,Chloroprene rubber,9010-98-4,Rubber-based,Raman,200-3500 cm-1,"Ambient, 785nm laser",Thermo DXR3,SNIP,PubChem,10.7566/a4c0e365,0.744,0.893,0.718,0.737,0.775,ACCEPT,
SPEC-00325,Natural rubber,9006-04-6,Rubber-based,Raman,200-3500 cm-1,"25C, N2 purge",WITec alpha300,Rubberband,SDBS,10.1474/b93f5011,0.673,0.884,0.732,0.912,0.785,ACCEPT,
SPEC-00574,Bisphenol F epoxy,2095-03-6,Epoxy,Raman,200-3500 cm-1,"Room temperature, ambient atmosphere",Horiba LabRAM HR,ALS,SDBS,10.3796/b6be7316,0.871,0.962,0.919,0.639,0.857,ACCEPT,
SPEC-00309,Natural rubber,9006-04-6,Rubber-based,Raman,200-3500 cm-1,"Room temperature, ambient atmosphere",Thermo DXR3,SNIP,SDBS,10.8909/cfa9949c,0.906,0.819,0.954,0.637,0.84,ACCEPT,
SPEC-00426,Polyester hot-melt,25038-59-9,Hot-melt,Raman,200-3500 cm-1,"23C, dry air",Thermo DXR3,Rubberband,SpectraBase,10.5091/b3a2ba2b,0.72,0.894,0.943,0.683,0.801,ACCEPT,
SPEC-00098,Isobutyl methacrylate,97-86-9,Acrylic/PSA,FTIR,650-4000 cm-1,"23C, dry air",Thermo Nicolet iS50,ALS,KnowItAll,10.9920/224e9003,0.806,0.694,0.713,0.992,0.797,ACCEPT,
SPEC-00482,Hydrogenated rosin,65997-06-0,Hot-melt,Raman,200-3500 cm-1,"25C, N2 purge",Thermo DXR3,Rubberband,NIST WebBook,10.9589/6566bdd4,0.719,0.758,0.807,0.824,0.767,ACCEPT,
SPEC-00072,Isobutyl methacrylate,97-86-9,Acrylic/PSA,FTIR,650-4000 cm-1,"Ambient, KBr pellet",JASCO FT/IR-6600,Polynomial (3rd order),Open SPECY,10.2494/380c31a4,0.971,0.673,0.813,0.854,0.841,ACCEPT,
SPEC-00893,Methylene diphenyl diisocyanate,101-68-8,Polyurethane,IR,650-4000 cm-1,"25C, N2 purge",PerkinElmer Spectrum Two,ALS,KnowItAll,10.1779/4c8b7bf8,0.744,0.712,0.708,0.767,0.733,FLAG,
SPEC-00346,Natural rubber,9006-04-6,Rubber-based,Raman,200-3500 cm-1,"Ambient, 785nm laser",Renishaw inVia,Polynomial (3rd order),NIST WebBook,10.1612/951a616a,0.907,0.836,0.626,0.747,0.801,ACCEPT,
SPEC-00041,Methyl acrylate,96-33-3,Acrylic/PSA,IR,650-4000 cm-1,"Room temperature, ambient atmosphere",PerkinElmer Spectrum Two,ALS,SpectraBase,10.3414/25e70732,0.683,0.981,0.656,0.724,0.76,ACCEPT,
SPEC-00541,Epichlorohydrin,106-89-8,Epoxy,FTIR,650-4000 cm-1,"Room temperature, ambient atmosphere",Thermo Nicolet iS50,Polynomial (3rd order),SDBS,10.6885/fd63861c,0.672,0.96,0.986,0.6,0.792,ACCEPT,
SPEC-00547,Bisphenol F epoxy,2095-03-6,Epoxy,FTIR,650-4000 cm-1,"Room temperature, ambient atmosphere",Bruker Vertex 70,ALS,KnowItAll,10.8617/dce895f2,0.906,0.811,0.937,0.9,0.887,ACCEPT,
SPEC-00038,Methyl acrylate,96-33-3,Acrylic/PSA,IR,650-4000 cm-1,"23C, dry air",PerkinElmer Spectrum Two,SNIP,NIST WebBook,10.7691/b3c297a3,0.882,0.65,0.955,0.803,0.823,ACCEPT,
SPEC-00808,Butyl cyanoacrylate,6606-65-1,Cyanoacrylate,IR,650-4000 cm-1,"25C, N2 purge",PerkinElmer Spectrum Two,Rubberband,Open SPECY,10.2979/b5a61559,0.847,0.676,0.643,0.817,0.757,ACCEPT,
SPEC-00135,Ethyl acrylate,140-88-5,Acrylic/PSA,Raman,200-3500 cm-1,"Ambient, 785nm laser",Thermo DXR3,Rubberband,KnowItAll,10.7256/8b4a0250,0.779,0.979,0.993,0.785,0.873,ACCEPT,
SPEC-00564,Bisphenol F epoxy,2095-03-6,Epoxy,Raman,200-3500 cm-1,"Room temperature, ambient atmosphere",Thermo DXR3,SNIP,Open SPECY,10.4578/625acc6f,0.864,0.671,0.771,0.658,0.756,ACCEPT,
SPEC-00473,Hydrogenated rosin,65997-06-0,Hot-melt,Raman,200-3500 cm-1,"Room temperature, ambient atmosphere",Thermo DXR3,Polynomial (3rd order),Open SPECY,10.1003/348ed18e,0.974,0.702,0.983,0.779,0.869,ACCEPT,
SPEC-00940,Polytetramethylene glycol,25190-06-1,Polyurethane,Raman,200-3500 cm-1,"23C, dry air",WITec alpha300,ALS,PubChem,10.3336/fe4f4143,0.676,0.661,0.833,0.799,0.728,FLAG,
SPEC-00019,Hydroxypropyl methacrylate,27813-02-1,Acrylic/PSA,IR,650-4000 cm-1,"25C, N2 purge",Bruker Vertex 70,SNIP,SDBS,10.8350/225f18a9,0.905,0.92,0.599,0.677,0.802,ACCEPT,
SPEC-00911,Methylene diphenyl diisocyanate,101-68-8,Polyurethane,Raman,200-3500 cm-1,"Room temperature, ambient atmosphere",Thermo DXR3,Polynomial (3rd order),SpectraBase,10.5068/285eed1a,0.689,0.605,0.924,0.974,0.772,ACCEPT,
SPEC-00022,Acrylic acid,79-10-7,Acrylic/PSA,FTIR,650-4000 cm-1,"25C, N2 purge",Agilent Cary 630,Rubberband,NIST WebBook,10.8973/ced1c4ff,0.798,0.983,0.998,0.822,0.889,ACCEPT,
SPEC-00243,Chloroprene rubber,9010-98-4,Rubber-based,IR,650-4000 cm-1,"Room temperature, ambient atmosphere",Agilent Cary 630,Rubberband,NIST WebBook,10.2025/f9e5be68,0.8,0.602,0.647,0.711,0.702,FLAG,
SPEC-00722,Phenyltrimethoxysilane,2996-92-1,Silicone,Raman,200-3500 cm-1,"23C, dry air",Horiba LabRAM HR,Rubberband,PubChem,10.9846/e322dfc8,0.843,0.809,0.891,0.664,0.808,ACCEPT,
SPEC-00335,Nitrile rubber,9003-18-3,Rubber-based,Raman,200-3500 cm-1,"23C, dry air",Bruker Senterra II,Rubberband,NIST WebBook,10.6873/43fe205c,0.9,0.875,0.837,0.79,0.859,ACCEPT,
SPEC-00176,Methyl methacrylate,80-62-6,Acrylic/PSA,Raman,200-3500 cm-1,"Ambient, 785nm laser",Thermo DXR3,Polynomial (3rd order),NIST WebBook,10.1436/02f1ce69,0.779,0.87,0.991,0.833,0.855,ACCEPT,
SPEC-00464,Polypropylene wax,9003-07-0,Hot-melt,Raman,200-3500 cm-1,"25C, N2 purge",WITec alpha300,SNIP,SDBS,10.7348/81b9de81,0.922,0.696,0.874,0.863,0.844,ACCEPT,
SPEC-00864,Polytetramethylene glycol,25190-06-1,Polyurethane,IR,650-4000 cm-1,"25C, N2 purge",Bruker Vertex 70,Polynomial (3rd order),NIST WebBook,10.1001/aa364a23,0.755,0.987,0.627,0.991,0.835,ACCEPT,
SPEC-00123,Isobutyl methacrylate,97-86-9,Acrylic/PSA,Raman,200-3500 cm-1,"23C, dry air",Horiba LabRAM HR,SNIP,SDBS,10.2215/f25f5b92,0.805,0.721,0.674,0.622,0.721,FLAG,
SPEC-00584,Bisphenol F epoxy,2095-03-6,Epoxy,Raman,200-3500 cm-1,"23C, dry air",WITec alpha300,SNIP,SpectraBase,10.8287/7da565ca,0.705,0.612,0.782,0.628,0.682,FLAG,
SPEC-00751,Phenyltrimethoxysilane,2996-92-1,Silicone,Raman,200-3500 cm-1,"Ambient, 785nm laser",Horiba LabRAM HR,ALS,NIST WebBook,10.9011/b844d5a5,0.817,0.961,0.853,0.765,0.85,ACCEPT,
SPEC-00048,Methyl acrylate,96-33-3,Acrylic/PSA,FTIR,650-4000 cm-1,"25C, N2 purge",Bruker Vertex 70,SNIP,SDBS,10.9947/afab821c,0.755,0.756,0.951,0.934,0.83,ACCEPT,
SPEC-00511,Cycloaliphatic epoxy,2386-87-0,Epoxy,IR,650-4000 cm-1,"23C, dry air",Bruker Vertex 70,ALS,SDBS,10.5889/1ed74824,0.772,0.658,0.565,0.831,0.714,FLAG,
SPEC-00506,Bisphenol A diglycidyl ether,1675-54-3,Epoxy,IR,650-4000 cm-1,"25C, N2 purge",Bruker Vertex 70,SNIP,Open SPECY,10.9383/60d99c9e,0.69,0.78,0.713,0.81,0.741,FLAG,
SPEC-00051,Methyl acrylate,96-33-3,Acrylic/PSA,FTIR,650-4000 cm-1,"Ambient, KBr pellet",PerkinElmer Spectrum Two,ALS,KnowItAll,10.2341/e2b6095d,0.916,0.752,0.888,0.933,0.873,ACCEPT,
SPEC-00202,Ethyl acrylate,140-88-5,Acrylic/PSA,Raman,200-3500 cm-1,"Ambient, 785nm laser",Renishaw inVia,ALS,PubChem,10.1527/0d714699,0.811,0.662,0.635,0.95,0.766,ACCEPT,
SPEC-00657,Aminopropyltriethoxysilane,919-30-2,Silicone,FTIR,650-4000 cm-1,"25C, N2 purge",Agilent Cary 630,ALS,SpectraBase,10.5468/ebcf1c1a,0.846,0.774,0.841,0.615,0.781,ACCEPT,
SPEC-00328,Nitrile rubber,9003-18-3,Rubber-based,Raman,200-3500 cm-1,"25C, N2 purge",Bruker Senterra II,Rubberband,SDBS,10.4511/8299583b,0.941,0.636,0.562,0.62,0.725,FLAG,
SPEC-00807,Methyl cyanoacrylate,137-05-3,Cyanoacrylate,IR,650-4000 cm-1,"Room temperature, ambient atmosphere",Bruker Vertex 70,SNIP,NIST WebBook,10.3736/f1472b22,0.986,0.639,0.926,0.866,0.863,ACCEPT,
SPEC-00446,Hydrogenated rosin,65997-06-0,Hot-melt,Raman,200-3500 cm-1,"Room temperature, ambient atmosphere",Thermo DXR3,ALS,SpectraBase,10.5973/755a5887,0.729,0.636,0.689,0.765,0.705,FLAG,
SPEC-00432,Polyethylene wax,9002-88-4,Hot-melt,Raman,200-3500 cm-1,"25C, N2 purge",Thermo DXR3,Rubberband,KnowItAll,10.8384/452724af,0.724,0.88,0.718,0.942,0.805,ACCEPT,
SPEC-00077,Isobutyl methacrylate,97-86-9,Acrylic/PSA,IR,650-4000 cm-1,"23C, dry air",Bruker Vertex 70,SNIP,KnowItAll,10.9337/070a7347,0.981,0.859,0.619,0.973,0.877,ACCEPT,
SPEC-00285,Polybutadiene,9003-17-2,Rubber-based,FTIR,650-4000 cm-1,"Room temperature, ambient atmosphere",PerkinElmer Spectrum Two,ALS,Open SPECY,10.5341/b930e4fa,0.692,0.743,0.897,0.781,0.764,ACCEPT,
SPEC-00575,Triglycidyl isocyanurate,2451-62-9,Epoxy,Raman,200-3500 cm-1,"23C, dry air",Horiba LabRAM HR,ALS,KnowItAll,10.7586/411efe03,0.858,0.846,0.578,0.681,0.764,ACCEPT,
SPEC-00833,Methyl cyanoacrylate,137-05-3,Cyanoacrylate,Raman,200-3500 cm-1,"25C, N2 purge",Horiba LabRAM HR,ALS,Open SPECY,10.2789/1825fe8a,0.933,0.677,0.992,0.949,0.884,ACCEPT,
SPEC-00680,Aminopropyltriethoxysilane,919-30-2,Silicone,FTIR,650-4000 cm-1,"23C, dry air",PerkinElmer Spectrum Two,SNIP,KnowItAll,10.9470/d577aac4,0.749,0.951,0.826,0.905,0.846,ACCEPT,
SPEC-00540,Epichlorohydrin,106-89-8,Epoxy,IR,650-4000 cm-1,"Room temperature, ambient atmosphere",PerkinElmer Spectrum Two,ALS,Open SPECY,10.6640/cf8b5df8,0.85,0.965,0.687,0.977,0.872,ACCEPT,
SPEC-00218,Chloroprene rubber,9010-98-4,Rubber-based,IR,650-4000 cm-1,"25C, N2 purge",Bruker Vertex 70,ALS,NIST WebBook,10.8054/3bebfa13,0.903,0.814,0.679,0.801,0.816,ACCEPT,
SPEC-00848,Butyl cyanoacrylate,6606-65-1,Cyanoacrylate,Raman,200-3500 cm-1,"Room temperature, ambient atmosphere",Thermo DXR3,SNIP,NIST WebBook,10.4639/e3b4b620,0.92,0.919,0.97,0.651,0.876,ACCEPT,
SPEC-00395,Polypropylene wax,9003-07-0,Hot-melt,FTIR,650-4000 cm-1,"25C, N2 purge",Agilent Cary 630,Rubberband,PubChem,10.5597/83058019,0.921,0.795,0.599,0.858,0.812,ACCEPT,
SPEC-00068,Acrylic acid,79-10-7,Acrylic/PSA,IR,650-4000 cm-1,"Ambient, KBr pellet",PerkinElmer Spectrum Two,ALS,NIST WebBook,10.4241/3be2b98f,0.896,0.782,0.859,0.97,0.875,ACCEPT,
SPEC-00576,Novolac epoxy,28064-14-4,Epoxy,Raman,200-3500 cm-1,"23C, dry air",WITec alpha300,ALS,SDBS,10.3841/811f355e,0.698,0.935,0.907,0.906,0.841,ACCEPT,
SPEC-00239,Nitrile rubber,9003-18-3,Rubber-based,FTIR,650-4000 cm-1,"Ambient, KBr pellet",Agilent Cary 630,ALS,PubChem,10.5840/4b8a648b,0.856,0.8,0.705,0.61,0.763,ACCEPT,
SPEC-00330,Chloroprene rubber,9010-98-4,Rubber-based,Raman,200-3500 cm-1,"Ambient, 785nm laser",Renishaw inVia,SNIP,NIST WebBook,10.5511/491d7bf2,0.93,0.69,0.824,0.977,0.858,ACCEPT,
SPEC-00582,Epichlorohydrin,106-89-8,Epoxy,Raman,200-3500 cm-1,"25C, N2 purge",Renishaw inVia,Rubberband,Open SPECY,10.9151/8f684195,0.669,0.645,0.617,0.938,0.706,FLAG,
SPEC-00477,Polyethylene wax,9002-88-4,Hot-melt,Raman,200-3500 cm-1,"Room temperature, ambient atmosphere",Bruker Senterra II,SNIP,PubChem,10.5921/71a1febd,0.711,0.93,0.86,0.83,0.819,ACCEPT,
SPEC-00219,Natural rubber,9006-04-6,Rubber-based,IR,650-4000 cm-1,"23C, dry air",JASCO FT/IR-6600,SNIP,Open SPECY,10.2294/8101b998,0.734,0.848,0.664,0.742,0.75,ACCEPT,
SPEC-00337,Polyisoprene,9003-31-0,Rubber-based,Raman,200-3500 cm-1,"23C, dry air",Renishaw inVia,SNIP,KnowItAll,10.5269/fbd99c79,0.728,0.949,0.739,0.955,0.831,ACCEPT,
SPEC-00783,Butyl cyanoacrylate,6606-65-1,Cyanoacrylate,FTIR,650-4000 cm-1,"Room temperature, ambient atmosphere",Agilent Cary 630,Polynomial (3rd order),SpectraBase,10.5351/592dc6a5,0.932,0.727,0.722,0.672,0.787,ACCEPT,
SPEC-00642,Octamethylcyclotetrasiloxane,556-67-2,Silicone,IR,650-4000 cm-1,"Room temperature, ambient atmosphere",PerkinElmer Spectrum Two,ALS,SDBS,10.9955/c0c3064e,0.824,0.802,0.794,0.924,0.833,ACCEPT,
SPEC-00010,Isobutyl methacrylate,97-86-9,Acrylic/PSA,IR,650-4000 cm-1,"Room temperature, ambient atmosphere",Thermo Nicolet iS50,SNIP,NIST WebBook,10.7916/bde6432d,0.682,0.619,0.599,0.851,0.683,FLAG,
SPEC-00740,Polydimethylsiloxane,63148-62-9,Silicone,Raman,200-3500 cm-1,"25C, N2 purge",Bruker Senterra II,Polynomial (3rd order),KnowItAll,10.2468/2ee64df7,0.69,0.64,0.626,0.658,0.658,FLAG,
SPEC-00716,Methyltrimethoxysilane,1185-55-3,Silicone,Raman,200-3500 cm-1,"Room temperature, ambient atmosphere",Renishaw inVia,SNIP,SDBS,10.6927/93020446,0.931,0.765,0.734,0.784,0.821,ACCEPT,
SPEC-00149,Methyl acrylate,96-33-3,Acrylic/PSA,Raman,200-3500 cm-1,"25C, N2 purge",Thermo DXR3,Polynomial (3rd order),PubChem,10.8055/6c8081cf,0.974,0.808,0.911,0.891,0.903,ACCEPT,
SPEC-00609,Triglycidyl isocyanurate,2451-62-9,Epoxy,Raman,200-3500 cm-1,"23C, dry air",Horiba LabRAM HR,Polynomial (3rd order),SpectraBase,10.1070/fdde18dc,0.976,0.907,0.977,0.971,0.958,ACCEPT,
SPEC-00381,Polyester hot-melt,25038-59-9,Hot-melt,FTIR,650-4000 cm-1,"Room temperature, ambient atmosphere",Thermo Nicolet iS50,SNIP,KnowItAll,10.7248/a2c4cb57,0.865,0.848,0.982,0.873,0.886,ACCEPT,
SPEC-00221,Chloroprene rubber,9010-98-4,Rubber-based,FTIR,650-4000 cm-1,"Room temperature, ambient atmosphere",Agilent Cary 630,ALS,Open SPECY,10.6427/5c4f4fbf,0.817,0.855,0.866,0.633,0.8,ACCEPT,
SPEC-00075,Methyl acrylate,96-33-3,Acrylic/PSA,IR,650-4000 cm-1,"25C, N2 purge",Thermo Nicolet iS50,Polynomial (3rd order),KnowItAll,10.9998/a12940ba,0.868,0.799,0.749,0.621,0.778,ACCEPT,
SPEC-00757,Methyltrimethoxysilane,1185-55-3,Silicone,Raman,200-3500 cm-1,"Room temperature, ambient atmosphere",Horiba LabRAM HR,Polynomial (3rd order),KnowItAll,10.4143/2a8868cc,0.741,0.828,0.653,0.809,0.759,ACCEPT,
SPEC-00765,Octyl cyanoacrylate,16493-40-6,Cyanoacrylate,IR,650-4000 cm-1,"Ambient, KBr pellet",JASCO FT/IR-6600,ALS,Open SPECY,10.8605/f43b1eef,0.732,0.84,0.847,0.604,0.756,ACCEPT,
SPEC-00191,Methyl acrylate,96-33-3,Acrylic/PSA,Raman,200-3500 cm-1,"Room temperature, ambient atmosphere",Bruker Senterra II,ALS,NIST WebBook,10.4871/09f72424,0.756,0.889,0.555,0.861,0.77,ACCEPT,
SPEC-00637,Aminopropyltriethoxysilane,919-30-2,Silicone,FTIR,650-4000 cm-1,"25C, N2 purge",Bruker Vertex 70,ALS,Open SPECY,10.2666/917c3e1a,0.803,0.863,0.588,0.657,0.746,FLAG,
SPEC-00789,Ethyl cyanoacrylate,7085-85-0,Cyanoacrylate,IR,650-4000 cm-1,"23C, dry air",PerkinElmer Spectrum Two,Polynomial (3rd order),Open SPECY,10.7608/bf9b493d,0.825,0.864,0.71,0.69,0.785,ACCEPT,
SPEC-00712,Aminopropyltriethoxysilane,919-30-2,Silicone,Raman,200-3500 cm-1,"Room temperature, ambient atmosphere",Thermo DXR3,ALS,SDBS,10.2669/d89688be,0.987,0.902,0.989,0.913,0.951,ACCEPT,
SPEC-00681,Octamethylcyclotetrasiloxane,556-67-2,Silicone,IR,650-4000 cm-1,"Room temperature, ambient atmosphere",PerkinElmer Spectrum Two,Rubberband,NIST WebBook,10.8208/d732884f,0.998,0.905,0.618,0.941,0.887,ACCEPT,
SPEC-00679,Methyltrimethoxysilane,1185-55-3,Silicone,FTIR,650-4000 cm-1,"25C, N2 purge",Agilent Cary 630,SNIP,KnowItAll,10.1723/708c38af,0.681,0.884,0.745,0.704,0.749,FLAG,
SPEC-00408,Polyethylene wax,9002-88-4,Hot-melt,IR,650-4000 cm-1,"Ambient, KBr pellet",PerkinElmer Spectrum Two,Rubberband,PubChem,10.4315/d5875fbb,0.859,0.628,0.72,0.653,0.732,FLAG,
SPEC-00930,Toluene diisocyanate,26471-62-5,Polyurethane,Raman,200-3500 cm-1,"Ambient, 785nm laser",Thermo DXR3,ALS,NIST WebBook,10.4471/0111de71,0.745,0.637,0.72,0.98,0.76,ACCEPT,
SPEC-00544,Bisphenol F epoxy,2095-03-6,Epoxy,IR,650-4000 cm-1,"Ambient, KBr pellet",Bruker Vertex 70,SNIP,PubChem,10.3248/bfb9403a,0.902,0.795,0.747,0.996,0.863,ACCEPT,
SPEC-00619,Bisphenol A diglycidyl ether,1675-54-3,Epoxy,Raman,200-3500 cm-1,"Ambient, 785nm laser",Horiba LabRAM HR,Rubberband,PubChem,10.5713/0fc98e5a,0.704,0.72,0.838,0.855,0.765,ACCEPT,
SPEC-00301,Nitrile rubber,9003-18-3,Rubber-based,Raman,200-3500 cm-1,"Ambient, 785nm laser",Bruker Senterra II,SNIP,SpectraBase,10.3580/236bb137,0.98,0.758,0.595,0.721,0.796,ACCEPT,
SPEC-00420,Polypropylene wax,9003-07-0,Hot-melt,IR,650-4000 cm-1,"25C, N2 purge",JASCO FT/IR-6600,SNIP,KnowItAll,10.4707/fa8d9b40,0.904,0.824,0.812,0.739,0.833,ACCEPT,
SPEC-00601,Bisphenol A diglycidyl ether,1675-54-3,Epoxy,Raman,200-3500 cm-1,"Room temperature, ambient atmosphere",Horiba LabRAM HR,Rubberband,SpectraBase,10.5521/840bd359,0.787,0.672,0.981,0.631,0.766,ACCEPT,
SPEC-00260,Nitrile rubber,9003-18-3,Rubber-based,IR,650-4000 cm-1,"Room temperature, ambient atmosphere",Thermo Nicolet iS50,Polynomial (3rd order),KnowItAll,10.5102/3be5066c,0.756,0.95,0.944,0.637,0.818,ACCEPT,
SPEC-00524,Novolac epoxy,28064-14-4,Epoxy,IR,650-4000 cm-1,"23C, dry air",Agilent Cary 630,Polynomial (3rd order),Open SPECY,10.9579/07227961,0.659,0.793,0.775,0.676,0.719,FLAG,
SPEC-00035,Acrylic acid,79-10-7,Acrylic/PSA,FTIR,650-4000 cm-1,"23C, dry air",PerkinElmer Spectrum Two,ALS,Open SPECY,10.9785/f818cc28,0.953,0.987,0.676,0.857,0.887,ACCEPT,
SPEC-00172,Acrylic acid,79-10-7,Acrylic/PSA,Raman,200-3500 cm-1,"25C, N2 purge",Bruker Senterra II,ALS,SDBS,10.2946/747b58ed,0.676,0.802,0.894,0.712,0.758,ACCEPT,
SPEC-00461,Polyester hot-melt,25038-59-9,Hot-melt,Raman,200-3500 cm-1,"23C, dry air",Horiba LabRAM HR,SNIP,NIST WebBook,10.8168/5c168456,0.782,0.89,0.663,0.616,0.752,ACCEPT,
SPEC-00066,Isobutyl methacrylate,97-86-9,Acrylic/PSA,FTIR,650-4000 cm-1,"25C, N2 purge",Agilent Cary 630,Rubberband,PubChem,10.2625/adc258c2,0.754,0.835,0.743,0.827,0.787,ACCEPT,
SPEC-00943,Hexamethylene diisocyanate,822-06-0,Polyurethane,Raman,200-3500 cm-1,"23C, dry air",Horiba LabRAM HR,Polynomial (3rd order),SpectraBase,10.8222/f39c2449,0.951,0.76,0.936,0.967,0.903,ACCEPT,
SPEC-00362,Polyethylene wax,9002-88-4,Hot-melt,IR,650-4000 cm-1,"25C, N2 purge",Bruker Vertex 70,SNIP,SDBS,10.5990/3b28085d,0.794,0.823,0.55,0.636,0.721,FLAG,
SPEC-00707,Octamethylcyclotetrasiloxane,556-67-2,Silicone,Raman,200-3500 cm-1,"Ambient, 785nm laser",WITec alpha300,Rubberband,Open SPECY,10.6902/1e81f851,0.88,0.652,0.682,0.885,0.784,ACCEPT,
SPEC-00670,Vinyltrimethoxysilane,2768-02-7,Silicone,FTIR,650-4000 cm-1,"23C, dry air",Thermo Nicolet iS50,Rubberband,PubChem,10.7791/7b5ffa31,0.711,0.837,0.697,0.713,0.74,FLAG,
SPEC-00814,Octyl cyanoacrylate,16493-40-6,Cyanoacrylate,Raman,200-3500 cm-1,"23C, dry air",Bruker Senterra II,Rubberband,NIST WebBook,10.8270/b5c03d6e,0.754,0.661,0.642,0.615,0.681,FLAG,
SPEC-00393,Polypropylene wax,9003-07-0,Hot-melt,IR,650-4000 cm-1,"23C, dry air",Thermo Nicolet iS50,SNIP,SpectraBase,10.6971/5ba0c0a1,0.82,0.731,0.847,0.877,0.815,ACCEPT,
SPEC-00705,Phenyltrimethoxysilane,2996-92-1,Silicone,Raman,200-3500 cm-1,"Ambient, 785nm laser",Thermo DXR3,Polynomial (3rd order),Open SPECY,10.2915/778d9eae,0.761,0.625,0.952,0.767,0.766,ACCEPT,
SPEC-00111,Acrylic acid,79-10-7,Acrylic/PSA,Raman,200-3500 cm-1,"Room temperature, ambient atmosphere",Renishaw inVia,Rubberband,SpectraBase,10.7566/0018f644,0.896,0.724,0.703,0.602,0.756,ACCEPT,
SPEC-00638,Vinyltrimethoxysilane,2768-02-7,Silicone,FTIR,650-4000 cm-1,"23C, dry air",Thermo Nicolet iS50,Polynomial (3rd order),Open SPECY,10.9177/052fa6af,0.72,0.938,0.732,0.693,0.772,ACCEPT,
SPEC-00327,Nitrile rubber,9003-18-3,Rubber-based,Raman,200-3500 cm-1,"23C, dry air",Horiba LabRAM HR,Rubberband,Open SPECY,10.6730/db7b6139,0.661,0.749,0.817,0.671,0.716,FLAG,
SPEC-00279,Chloroprene rubber,9010-98-4,Rubber-based,IR,650-4000 cm-1,"25C, N2 purge",PerkinElmer Spectrum Two,Rubberband,Open SPECY,10.4201/dfbecdfc,0.925,0.896,0.659,0.747,0.829,ACCEPT,
SPEC-00741,Octamethylcyclotetrasiloxane,556-67-2,Silicone,Raman,200-3500 cm-1,"Ambient, 785nm laser",Thermo DXR3,ALS,PubChem,10.5882/4cfeee2f,0.709,0.846,0.696,0.611,0.721,FLAG,
SPEC-00434,Polyethylene wax,9002-88-4,Hot-melt,Raman,200-3500 cm-1,"23C, dry air",Renishaw inVia,SNIP,NIST WebBook,10.9470/c2f357b1,0.932,0.671,0.775,0.998,0.849,ACCEPT,
SPEC-00457,Polypropylene wax,9003-07-0,Hot-melt,Raman,200-3500 cm-1,"23C, dry air",Renishaw inVia,ALS,NIST WebBook,10.8113/1a56a8d4,0.961,0.945,0.648,0.645,0.831,ACCEPT,
SPEC-00444,Hydrogenated rosin,65997-06-0,Hot-melt,Raman,200-3500 cm-1,"Ambient, 785nm laser",Renishaw inVia,Polynomial (3rd order),KnowItAll,10.8801/3df585be,0.943,0.611,0.849,0.944,0.841,ACCEPT,
SPEC-00500,Triglycidyl isocyanurate,2451-62-9,Epoxy,IR,650-4000 cm-1,"Ambient, KBr pellet",Thermo Nicolet iS50,ALS,SpectraBase,10.8005/325d3478,0.953,0.796,0.696,0.783,0.828,ACCEPT,
SPEC-00211,Ethyl acrylate,140-88-5,Acrylic/PSA,Raman,200-3500 cm-1,"Ambient, 785nm laser",Thermo DXR3,SNIP,KnowItAll,10.5637/53105328,0.893,0.882,0.728,0.696,0.818,ACCEPT,
SPEC-00170,Methyl acrylate,96-33-3,Acrylic/PSA,Raman,200-3500 cm-1,"23C, dry air",WITec alpha300,ALS,NIST WebBook,10.8710/4d7303d5,0.667,0.713,0.819,0.937,0.763,ACCEPT,
SPEC-00320,Natural rubber,9006-04-6,Rubber-based,Raman,200-3500 cm-1,"23C, dry air",Thermo DXR3,Polynomial (3rd order),PubChem,10.2654/ac405569,0.702,0.835,0.891,0.976,0.828,ACCEPT,
SPEC-00602,Bisphenol F epoxy,2095-03-6,Epoxy,Raman,200-3500 cm-1,"25C, N2 purge",Thermo DXR3,SNIP,NIST WebBook,10.9870/c8652820,0.956,0.808,0.832,0.717,0.846,ACCEPT,
SPEC-00598,Cycloaliphatic epoxy,2386-87-0,Epoxy,Raman,200-3500 cm-1,"23C, dry air",Thermo DXR3,Polynomial (3rd order),NIST WebBook,10.4693/db46349f,0.979,0.832,0.982,0.684,0.884,ACCEPT,
SPEC-00756,Phenyltrimethoxysilane,2996-92-1,Silicone,Raman,200-3500 cm-1,"Room temperature, ambient atmosphere",WITec alpha300,Rubberband,NIST WebBook,10.3875/d5198735,0.823,0.821,0.847,0.826,0.828,ACCEPT,
SPEC-00817,Octyl cyanoacrylate,16493-40-6,Cyanoacrylate,Raman,200-3500 cm-1,"25C, N2 purge",Renishaw inVia,Rubberband,PubChem,10.3318/61cf9692,0.87,0.626,0.771,0.981,0.811,ACCEPT,
SPEC-00288,Styrene-butadiene rubber,9003-55-8,Rubber-based,Raman,200-3500 cm-1,"25C, N2 purge",Thermo DXR3,SNIP,SpectraBase,10.3141/ce8b6dc6,0.931,0.656,0.555,0.932,0.787,ACCEPT,
SPEC-00203,Ethyl acrylate,140-88-5,Acrylic/PSA,Raman,200-3500 cm-1,"Room temperature, ambient atmosphere",Renishaw inVia,SNIP,PubChem,10.5009/7b43b96b,0.674,0.838,0.751,0.869,0.769,ACCEPT,
SPEC-00809,Butyl cyanoacrylate,6606-65-1,Cyanoacrylate,Raman,200-3500 cm-1,"25C, N2 purge",Horiba LabRAM HR,ALS,SpectraBase,10.8516/9aca067a,0.763,0.606,0.844,0.605,0.708,FLAG,
SPEC-00257,Chloroprene rubber,9010-98-4,Rubber-based,FTIR,650-4000 cm-1,"Room temperature, ambient atmosphere",PerkinElmer Spectrum Two,SNIP,Open SPECY,10.6869/a2b92923,0.651,0.91,0.88,0.892,0.81,ACCEPT,
SPEC-00691,Aminopropyltriethoxysilane,919-30-2,Silicone,FTIR,650-4000 cm-1,"Ambient, KBr pellet",Agilent Cary 630,SNIP,KnowItAll,10.4053/dfcd7f7f,0.817,0.825,0.74,0.903,0.821,ACCEPT,
SPEC-00410,Hydrogenated rosin,65997-06-0,Hot-melt,IR,650-4000 cm-1,"23C, dry air",Agilent Cary 630,ALS,Open SPECY,10.7246/92a86164,0.797,0.95,0.864,0.772,0.844,ACCEPT,
SPEC-00685,Aminopropyltriethoxysilane,919-30-2,Silicone,IR,650-4000 cm-1,"Ambient, KBr pellet",Thermo Nicolet iS50,Polynomial (3rd order),NIST WebBook,10.2998/38ab4a8b,0.887,0.955,0.562,0.873,0.836,ACCEPT,
SPEC-00913,Isophorone diisocyanate,4098-71-9,Polyurethane,Raman,200-3500 cm-1,"25C, N2 purge",Renishaw inVia,ALS,Open SPECY,10.3531/03efc0e6,0.916,0.957,0.917,0.723,0.888,ACCEPT,
SPEC-00508,Cycloaliphatic epoxy,2386-87-0,Epoxy,FTIR,650-4000 cm-1,"Room temperature, ambient atmosphere",PerkinElmer Spectrum Two,Polynomial (3rd order),SpectraBase,10.4323/1213944d,0.919,0.779,0.832,0.647,0.812,ACCEPT,
SPEC-00479,Polypropylene wax,9003-07-0,Hot-melt,Raman,200-3500 cm-1,"25C, N2 purge",Horiba LabRAM HR,ALS,NIST WebBook,10.4617/22bf76e6,0.834,0.728,0.804,0.731,0.781,ACCEPT,
SPEC-00302,Natural rubber,9006-04-6,Rubber-based,Raman,200-3500 cm-1,"25C, N2 purge",Bruker Senterra II,SNIP,KnowItAll,10.4657/4080323c,0.898,0.825,0.95,0.845,0.88,ACCEPT,
SPEC-00869,Hexamethylene diisocyanate,822-06-0,Polyurethane,FTIR,650-4000 cm-1,"Room temperature, ambient atmosphere",Thermo Nicolet iS50,ALS,PubChem,10.5425/09a09bbc,0.997,0.773,0.562,0.841,0.823,ACCEPT,
SPEC-00954,Toluene diisocyanate,26471-62-5,Polyurethane,Raman,200-3500 cm-1,"Room temperature, ambient atmosphere",Thermo DXR3,SNIP,KnowItAll,10.9531/e1806d2d,0.825,0.727,0.906,0.87,0.826,ACCEPT,
SPEC-00095,Methyl methacrylate,80-62-6,Acrylic/PSA,IR,650-4000 cm-1,"Ambient, KBr pellet",Agilent Cary 630,Polynomial (3rd order),NIST WebBook,10.2035/5ab97c23,0.867,0.977,0.698,0.844,0.856,ACCEPT,
SPEC-00205,Acrylic acid,79-10-7,Acrylic/PSA,Raman,200-3500 cm-1,"25C, N2 purge",Renishaw inVia,SNIP,KnowItAll,10.1998/40027b18,0.957,0.994,0.785,0.765,0.893,ACCEPT,
SPEC-00494,Novolac epoxy,28064-14-4,Epoxy,IR,650-4000 cm-1,"Ambient, KBr pellet",JASCO FT/IR-6600,Rubberband,SDBS,10.3215/ccbb7d9d,0.889,0.681,0.612,0.875,0.779,ACCEPT,
SPEC-00281,Chloroprene rubber,9010-98-4,Rubber-based,IR,650-4000 cm-1,"Room temperature, ambient atmosphere",Thermo Nicolet iS50,ALS,SpectraBase,10.5584/7f76c57d,0.994,0.768,0.983,0.989,0.934,ACCEPT,
SPEC-00847,Butyl cyanoacrylate,6606-65-1,Cyanoacrylate,Raman,200-3500 cm-1,"25C, N2 purge",WITec alpha300,SNIP,KnowItAll,10.2013/05472426,0.695,0.725,0.721,0.895,0.748,FLAG,
SPEC-00800,Ethyl cyanoacrylate,7085-85-0,Cyanoacrylate,IR,650-4000 cm-1,"25C, N2 purge",PerkinElmer Spectrum Two,ALS,SpectraBase,10.5141/7c95987d,0.914,0.802,0.901,0.764,0.853,ACCEPT,
SPEC-00086,Hydroxypropyl methacrylate,27813-02-1,Acrylic/PSA,IR,650-4000 cm-1,"Ambient, KBr pellet",Thermo Nicolet iS50,Rubberband,Open SPECY,10.4945/960d60fe,0.848,0.917,0.626,0.632,0.778,ACCEPT,
SPEC-00226,Natural rubber,9006-04-6,Rubber-based,FTIR,650-4000 cm-1,"Room temperature, ambient atmosphere",Agilent Cary 630,Polynomial (3rd order),NIST WebBook,10.7227/65a7a63e,0.775,0.976,0.744,0.872,0.838,ACCEPT,
SPEC-00142,Ethyl acrylate,140-88-5,Acrylic/PSA,Raman,200-3500 cm-1,"25C, N2 purge",WITec alpha300,ALS,SDBS,10.7825/3b25d74c,0.901,0.717,0.551,0.741,0.753,ACCEPT,
SPEC-00336,Natural rubber,9006-04-6,Rubber-based,Raman,200-3500 cm-1,"23C, dry air",WITec alpha300,ALS,SDBS,10.3999/9606803f,0.753,0.788,0.883,0.89,0.815,ACCEPT,
SPEC-00689,Methyltrimethoxysilane,1185-55-3,Silicone,IR,650-4000 cm-1,"Room temperature, ambient atmosphere",Bruker Vertex 70,Polynomial (3rd order),NIST WebBook,10.3525/8e971793,0.707,0.912,0.678,0.901,0.791,ACCEPT,
SPEC-00223,Natural rubber,9006-04-6,Rubber-based,FTIR,650-4000 cm-1,"25C, N2 purge",Bruker Vertex 70,Rubberband,PubChem,10.5903/0763cf3c,0.855,0.901,0.871,0.759,0.851,ACCEPT,
SPEC-00867,Isophorone diisocyanate,4098-71-9,Polyurethane,IR,650-4000 cm-1,"Room temperature, ambient atmosphere",JASCO FT/IR-6600,Polynomial (3rd order),Open SPECY,10.8472/eb8b90a7,0.676,0.702,0.722,0.961,0.749,FLAG,
SPEC-00374,Polyethylene wax,9002-88-4,Hot-melt,FTIR,650-4000 cm-1,"Room temperature, ambient atmosphere",Bruker Vertex 70,Polynomial (3rd order),SDBS,10.1881/62502261,0.786,0.983,0.989,0.725,0.864,ACCEPT,
SPEC-00955,Polycaprolactone diol,36890-68-3,Polyurethane,Raman,200-3500 cm-1,"25C, N2 purge",Renishaw inVia,SNIP,SpectraBase,10.7884/df0cca63,0.807,0.988,0.594,0.687,0.786,ACCEPT,
SPEC-00780,2-Methoxyethyl cyanoacrylate,27816-23-5,Cyanoacrylate,FTIR,650-4000 cm-1,"25C, N2 purge",PerkinElmer Spectrum Two,Rubberband,Open SPECY,10.1599/de8ce798,0.893,0.886,0.773,0.707,0.83,ACCEPT,
SPEC-00525,Novolac epoxy,28064-14-4,Epoxy,IR,650-4000 cm-1,"Room temperature, ambient atmosphere",Bruker Vertex 70,ALS,NIST WebBook,10.9558/45d8c556,0.887,0.653,0.876,0.784,0.806,ACCEPT,
SPEC-00531,Cycloaliphatic epoxy,2386-87-0,Epoxy,FTIR,650-4000 cm-1,"Room temperature, ambient atmosphere",Thermo Nicolet iS50,SNIP,Open SPECY,10.3159/0393f8e7,0.915,0.924,0.585,0.969,0.862,ACCEPT,
SPEC-00747,Phenyltrimethoxysilane,2996-92-1,Silicone,Raman,200-3500 cm-1,"23C, dry air",Thermo DXR3,SNIP,Open SPECY,10.5477/d0a276c3,0.751,0.989,0.55,0.973,0.815,ACCEPT,
SPEC-00758,Aminopropyltriethoxysilane,919-30-2,Silicone,Raman,200-3500 cm-1,"Ambient, 785nm laser",WITec alpha300,Polynomial (3rd order),KnowItAll,10.8086/b74ee104,0.651,0.771,0.853,0.86,0.763,ACCEPT,
SPEC-00031,2-Ethylhexyl acrylate,103-11-7,Acrylic/PSA,IR,650-4000 cm-1,"25C, N2 purge",Agilent Cary 630,Rubberband,PubChem,10.6862/f96f0de7,0.665,0.746,0.97,0.989,0.811,ACCEPT,
SPEC-00621,Cycloaliphatic epoxy,2386-87-0,Epoxy,Raman,200-3500 cm-1,"23C, dry air",Bruker Senterra II,Rubberband,NIST WebBook,10.1287/d816403d,0.89,0.99,0.918,0.749,0.892,ACCEPT,
SPEC-00820,Butyl cyanoacrylate,6606-65-1,Cyanoacrylate,Raman,200-3500 cm-1,"25C, N2 purge",Horiba LabRAM HR,SNIP,NIST WebBook,10.8101/5a89590d,0.789,0.667,0.749,0.802,0.753,ACCEPT,
SPEC-00125,Methyl methacrylate,80-62-6,Acrylic/PSA,Raman,200-3500 cm-1,"25C, N2 purge",WITec alpha300,ALS,Open SPECY,10.9214/e46a4a0d,0.807,0.924,0.843,0.729,0.828,ACCEPT,
SPEC-00261,Polybutadiene,9003-17-2,Rubber-based,IR,650-4000 cm-1,"Room temperature, ambient atmosphere",Bruker Vertex 70,Rubberband,PubChem,10.2559/0bcda871,0.869,0.89,0.89,0.772,0.859,ACCEPT,
SPEC-00535,Novolac epoxy,28064-14-4,Epoxy,IR,650-4000 cm-1,"25C, N2 purge",PerkinElmer Spectrum Two,Rubberband,Open SPECY,10.4908/11e72ad2,0.877,0.917,0.79,0.76,0.846,ACCEPT,
SPEC-00790,Ethyl cyanoacrylate,7085-85-0,Cyanoacrylate,IR,650-4000 cm-1,"Ambient, KBr pellet",JASCO FT/IR-6600,Rubberband,NIST WebBook,10.7404/0f685360,0.973,0.661,0.979,0.732,0.848,ACCEPT,
SPEC-00006,Ethyl acrylate,140-88-5,Acrylic/PSA,FTIR,650-4000 cm-1,"23C, dry air",Bruker Vertex 70,Rubberband,SpectraBase,10.7065/8ae28bbb,0.953,0.752,0.754,0.934,0.859,ACCEPT,
SPEC-00560,Cycloaliphatic epoxy,2386-87-0,Epoxy,Raman,200-3500 cm-1,"Room temperature, ambient atmosphere",Renishaw inVia,ALS,SDBS,10.4552/84c957e0,0.749,0.677,0.561,0.637,0.671,FLAG,
SPEC-00829,Butyl cyanoacrylate,6606-65-1,Cyanoacrylate,Raman,200-3500 cm-1,"Room temperature, ambient atmosphere",Bruker Senterra II,ALS,NIST WebBook,10.7743/a7a805b6,0.825,0.813,0.949,0.834,0.849,ACCEPT,
SPEC-00629,Aminopropyltriethoxysilane,919-30-2,Silicone,IR,650-4000 cm-1,"25C, N2 purge",Bruker Vertex 70,ALS,Open SPECY,10.1696/41cb8bc6,0.892,0.914,0.585,0.91,0.84,ACCEPT,
SPEC-00496,Triglycidyl isocyanurate,2451-62-9,Epoxy,FTIR,650-4000 cm-1,"Room temperature, ambient atmosphere",PerkinElmer Spectrum Two,Rubberband,SpectraBase,10.4079/ad641242,0.911,0.929,0.837,0.895,0.897,ACCEPT,
SPEC-00356,Polybutadiene,9003-17-2,Rubber-based,Raman,200-3500 cm-1,"25C, N2 purge",Bruker Senterra II,ALS,SpectraBase,10.2852/ef2e22b1,0.891,0.791,0.74,0.954,0.848,ACCEPT,
SPEC-00352,Chloroprene rubber,9010-98-4,Rubber-based,Raman,200-3500 cm-1,"23C, dry air",Horiba LabRAM HR,Rubberband,NIST WebBook,10.2659/514db18f,0.884,0.66,0.591,0.805,0.754,ACCEPT,
SPEC-00121,2-Ethylhexyl acrylate,103-11-7,Acrylic/PSA,Raman,200-3500 cm-1,"Ambient, 785nm laser",Horiba LabRAM HR,SNIP,PubChem,10.3902/2ca0be62,0.74,0.669,0.619,0.904,0.731,FLAG,
SPEC-00033,Hydroxypropyl methacrylate,27813-02-1,Acrylic/PSA,IR,650-4000 cm-1,"Ambient, KBr pellet",PerkinElmer Spectrum Two,ALS,NIST WebBook,10.2771/a5b4020b,0.931,0.946,0.915,0.707,0.887,ACCEPT,
SPEC-00622,Bisphenol A diglycidyl ether,1675-54-3,Epoxy,Raman,200-3500 cm-1,"23C, dry air",WITec alpha300,SNIP,PubChem,10.5467/a1da19ff,0.701,0.784,0.862,0.743,0.762,ACCEPT,
SPEC-00766,Octyl cyanoacrylate,16493-40-6,Cyanoacrylate,FTIR,650-4000 cm-1,"25C, N2 purge",Bruker Vertex 70,Rubberband,NIST WebBook,10.2106/32eac542,0.831,0.835,0.599,0.605,0.74,FLAG,
SPEC-00581,Bisphenol A diglycidyl ether,1675-54-3,Epoxy,Raman,200-3500 cm-1,"25C, N2 purge",Thermo DXR3,SNIP,SDBS,10.6929/7517b62d,0.845,0.677,0.994,0.991,0.862,ACCEPT,
SPEC-00753,Octamethylcyclotetrasiloxane,556-67-2,Silicone,Raman,200-3500 cm-1,"Room temperature, ambient atmosphere",Renishaw inVia,Polynomial (3rd order),PubChem,10.4629/d512295b,0.994,0.65,0.717,0.677,0.789,ACCEPT,
SPEC-00183,Acrylic acid,79-10-7,Acrylic/PSA,Raman,200-3500 cm-1,"25C, N2 purge",Renishaw inVia,ALS,SDBS,10.4920/87f2c40c,0.977,0.878,0.612,0.846,0.853,ACCEPT,
SPEC-00011,Isobutyl methacrylate,97-86-9,Acrylic/PSA,FTIR,650-4000 cm-1,"23C, dry air",JASCO FT/IR-6600,Polynomial (3rd order),NIST WebBook,10.2876/05329185,0.835,0.988,0.937,0.605,0.848,ACCEPT,
SPEC-00306,Natural rubber,9006-04-6,Rubber-based,Raman,200-3500 cm-1,"Ambient, 785nm laser",Bruker Senterra II,SNIP,PubChem,10.1788/01d711d8,0.737,0.627,0.665,0.643,0.676,FLAG,
SPEC-00735,Phenyltrimethoxysilane,2996-92-1,Silicone,Raman,200-3500 cm-1,"Ambient, 785nm laser",Horiba LabRAM HR,Polynomial (3rd order),SDBS,10.1750/e8d44d5a,0.883,0.764,0.655,0.758,0.783,ACCEPT,
SPEC-00165,Ethyl acrylate,140-88-5,Acrylic/PSA,Raman,200-3500 cm-1,"Ambient, 785nm laser",Thermo DXR3,SNIP,PubChem,10.3589/f8d77dbc,0.932,0.874,0.684,0.629,0.807,ACCEPT,
SPEC-00462,Hydrogenated rosin,65997-06-0,Hot-melt,Raman,200-3500 cm-1,"Room temperature, ambient atmosphere",Renishaw inVia,Rubberband,SDBS,10.3627/0ff73293,0.715,0.739,0.88,0.71,0.753,ACCEPT,
SPEC-00883,Isophorone diisocyanate,4098-71-9,Polyurethane,IR,650-4000 cm-1,"Room temperature, ambient atmosphere",Bruker Vertex 70,Rubberband,PubChem,10.8985/4515fa3d,0.822,0.634,0.781,0.661,0.735,FLAG,
SPEC-00322,Polybutadiene,9003-17-2,Rubber-based,Raman,200-3500 cm-1,"Room temperature, ambient atmosphere",Horiba LabRAM HR,Polynomial (3rd order),KnowItAll,10.7102/576fed6f,0.961,0.733,0.657,0.898,0.831,ACCEPT,
SPEC-00385,Polyester hot-melt,25038-59-9,Hot-melt,IR,650-4000 cm-1,"25C, N2 purge",Agilent Cary 630,Polynomial (3rd order),SDBS,10.2154/8936c26a,0.766,0.635,0.574,0.918,0.725,FLAG,
SPEC-00430,Polyethylene wax,9002-88-4,Hot-melt,Raman,200-3500 cm-1,"Ambient, 785nm laser",Renishaw inVia,ALS,PubChem,10.4452/891e9fc7,0.992,0.879,0.757,0.876,0.894,ACCEPT,
SPEC-00704,Phenyltrimethoxysilane,2996-92-1,Silicone,Raman,200-3500 cm-1,"Room temperature, ambient atmosphere",Thermo DXR3,ALS,Open SPECY,10.4799/a46be843,0.857,0.845,0.855,0.927,0.868,ACCEPT,
SPEC-00216,Methyl methacrylate,80-62-6,Acrylic/PSA,Raman,200-3500 cm-1,"Room temperature, ambient atmosphere",Horiba LabRAM HR,Rubberband,NIST WebBook,10.3474/eabe2f94,0.918,0.765,0.929,0.693,0.837,ACCEPT,
SPEC-00079,Acrylic acid,79-10-7,Acrylic/PSA,FTIR,650-4000 cm-1,"25C, N2 purge",PerkinElmer Spectrum Two,SNIP,NIST WebBook,10.9022/47ca662b,0.937,0.713,0.684,0.835,0.81,ACCEPT,
SPEC-00641,Octamethylcyclotetrasiloxane,556-67-2,Silicone,FTIR,650-4000 cm-1,"Ambient, KBr pellet",JASCO FT/IR-6600,SNIP,NIST WebBook,10.9518/2c2dd0b0,0.764,0.721,0.83,0.904,0.794,ACCEPT,
SPEC-00499,Bisphenol F epoxy,2095-03-6,Epoxy,IR,650-4000 cm-1,"25C, N2 purge",Thermo Nicolet iS50,Rubberband,Open SPECY,10.4646/fe36739b,0.661,0.906,0.557,0.708,0.711,FLAG,
SPEC-00076,Butyl acrylate,141-32-2,Acrylic/PSA,FTIR,650-4000 cm-1,"Ambient, KBr pellet",Agilent Cary 630,ALS,KnowItAll,10.1224/5ed08abd,0.66,0.852,0.91,0.884,0.803,ACCEPT,
SPEC-00933,Hexamethylene diisocyanate,822-06-0,Polyurethane,Raman,200-3500 cm-1,"23C, dry air",WITec alpha300,Rubberband,SDBS,10.1179/e596cc37,0.66,0.713,0.794,0.626,0.693,FLAG,
SPEC-00023,Methyl methacrylate,80-62-6,Acrylic/PSA,FTIR,650-4000 cm-1,"25C, N2 purge",Thermo Nicolet iS50,ALS,SDBS,10.8811/298d9505,0.853,0.817,0.887,0.623,0.805,ACCEPT,
SPEC-00503,Epichlorohydrin,106-89-8,Epoxy,FTIR,650-4000 cm-1,"25C, N2 purge",Agilent Cary 630,SNIP,PubChem,10.9470/d5da0134,0.921,0.714,0.625,0.718,0.769,ACCEPT,
SPEC-00104,Hydroxypropyl methacrylate,27813-02-1,Acrylic/PSA,IR,650-4000 cm-1,"25C, N2 purge",Agilent Cary 630,ALS,PubChem,10.6277/1d7c5ab5,0.799,0.643,0.871,0.777,0.77,ACCEPT,
SPEC-00821,Octyl cyanoacrylate,16493-40-6,Cyanoacrylate,Raman,200-3500 cm-1,"25C, N2 purge",Horiba LabRAM HR,Polynomial (3rd order),SDBS,10.3503/21ae61c0,0.8,0.633,0.958,0.72,0.774,ACCEPT,
SPEC-00213,Methyl acrylate,96-33-3,Acrylic/PSA,Raman,200-3500 cm-1,"23C, dry air",Bruker Senterra II,Rubberband,KnowItAll,10.7841/87bd6755,0.795,0.825,0.65,0.658,0.746,FLAG,
SPEC-00371,Polyethylene wax,9002-88-4,Hot-melt,FTIR,650-4000 cm-1,"Ambient, KBr pellet",JASCO FT/IR-6600,ALS,SDBS,10.5684/bf711741,0.854,0.977,0.87,0.87,0.891,ACCEPT,
SPEC-00507,Bisphenol F epoxy,2095-03-6,Epoxy,FTIR,650-4000 cm-1,"Room temperature, ambient atmosphere",Bruker Vertex 70,SNIP,SpectraBase,10.3930/dc15e026,0.969,0.826,0.847,0.66,0.847,ACCEPT,
SPEC-00080,Methyl acrylate,96-33-3,Acrylic/PSA,FTIR,650-4000 cm-1,"Ambient, KBr pellet",PerkinElmer Spectrum Two,Rubberband,SpectraBase,10.4912/73c99f8c,0.843,0.817,0.755,0.729,0.796,ACCEPT,
SPEC-00786,Butyl cyanoacrylate,6606-65-1,Cyanoacrylate,FTIR,650-4000 cm-1,"Ambient, KBr pellet",Bruker Vertex 70,Rubberband,SDBS,10.1194/181b023d,0.749,0.739,0.999,0.978,0.842,ACCEPT,
SPEC-00185,Isobutyl methacrylate,97-86-9,Acrylic/PSA,Raman,200-3500 cm-1,"Room temperature, ambient atmosphere",Thermo DXR3,Rubberband,NIST WebBook,10.1969/0dcefc60,0.817,0.68,0.984,0.728,0.798,ACCEPT,
SPEC-00269,Styrene-butadiene rubber,9003-55-8,Rubber-based,FTIR,650-4000 cm-1,"23C, dry air",Bruker Vertex 70,SNIP,Open SPECY,10.9300/84454111,0.856,0.606,0.647,0.969,0.774,ACCEPT,
SPEC-00290,Natural rubber,9006-04-6,Rubber-based,Raman,200-3500 cm-1,"25C, N2 purge",Thermo DXR3,SNIP,Open SPECY,10.1829/a061aa5c,0.682,0.939,0.914,0.649,0.786,ACCEPT,
SPEC-00146,Butyl acrylate,141-32-2,Acrylic/PSA,Raman,200-3500 cm-1,"23C, dry air",Renishaw inVia,Polynomial (3rd order),SpectraBase,10.1686/14d13534,0.901,0.977,0.567,0.681,0.809,ACCEPT,
SPEC-00110,Ethyl acrylate,140-88-5,Acrylic/PSA,Raman,200-3500 cm-1,"23C, dry air",Bruker Senterra II,ALS,SDBS,10.1430/a5ee929c,0.933,0.938,0.989,0.927,0.944,ACCEPT,
SPEC-00126,Butyl acrylate,141-32-2,Acrylic/PSA,Raman,200-3500 cm-1,"Room temperature, ambient atmosphere",Thermo DXR3,Rubberband,NIST WebBook,10.3827/e1c52ffb,0.934,0.935,0.992,0.634,0.886,ACCEPT,
SPEC-00611,Bisphenol A diglycidyl ether,1675-54-3,Epoxy,Raman,200-3500 cm-1,"23C, dry air",Thermo DXR3,ALS,SpectraBase,10.8306/f7e23b2f,0.699,0.82,0.689,0.761,0.74,FLAG,
SPEC-00471,Ethylene-vinyl acetate,24937-78-8,Hot-melt,Raman,200-3500 cm-1,"Ambient, 785nm laser",Thermo DXR3,Polynomial (3rd order),SpectraBase,10.9747/f6f5bc7b,0.708,0.672,0.731,0.735,0.709,FLAG,
SPEC-00114,Acrylic acid,79-10-7,Acrylic/PSA,Raman,200-3500 cm-1,"23C, dry air",Thermo DXR3,ALS,NIST WebBook,10.8972/513f784f,0.725,0.805,0.705,0.644,0.725,FLAG,
SPEC-00106,Ethyl acrylate,140-88-5,Acrylic/PSA,FTIR,650-4000 cm-1,"23C, dry air",Agilent Cary 630,Polynomial (3rd order),KnowItAll,10.7992/ebfd3c5a,0.795,0.931,0.729,0.892,0.835,ACCEPT,
SPEC-00594,Cycloaliphatic epoxy,2386-87-0,Epoxy,Raman,200-3500 cm-1,"Room temperature, ambient atmosphere",Renishaw inVia,SNIP,NIST WebBook,10.1022/47ec279d,0.792,0.916,0.717,0.786,0.807,ACCEPT,
SPEC-00654,Vinyltrimethoxysilane,2768-02-7,Silicone,IR,650-4000 cm-1,"25C, N2 purge",Agilent Cary 630,Polynomial (3rd order),Open SPECY,10.1981/1cf7ed2a,0.978,0.813,0.826,0.908,0.892,ACCEPT,
SPEC-00024,Butyl acrylate,141-32-2,Acrylic/PSA,IR,650-4000 cm-1,"Room temperature, ambient atmosphere",Thermo Nicolet iS50,ALS,SDBS,10.5033/35ee75f7,0.858,0.87,0.656,0.648,0.779,ACCEPT,
SPEC-00793,2-Methoxyethyl cyanoacrylate,27816-23-5,Cyanoacrylate,IR,650-4000 cm-1,"25C, N2 purge",PerkinElmer Spectrum Two,ALS,Open SPECY,10.7407/95771fe0,0.674,0.623,0.783,0.669,0.682,FLAG,
SPEC-00148,Acrylic acid,79-10-7,Acrylic/PSA,Raman,200-3500 cm-1,"25C, N2 purge",Bruker Senterra II,SNIP,Open SPECY,10.6554/55f488fb,0.694,0.747,0.95,0.897,0.799,ACCEPT,
SPEC-00085,2-Ethylhexyl acrylate,103-11-7,Acrylic/PSA,IR,650-4000 cm-1,"23C, dry air",Agilent Cary 630,SNIP,KnowItAll,10.6873/8a92dad6,0.893,0.961,0.571,0.918,0.851,ACCEPT,
SPEC-00282,Polybutadiene,9003-17-2,Rubber-based,IR,650-4000 cm-1,"25C, N2 purge",JASCO FT/IR-6600,SNIP,PubChem,10.9280/98a4a68a,0.895,0.749,0.989,0.634,0.825,ACCEPT,
SPEC-00816,Butyl cyanoacrylate,6606-65-1,Cyanoacrylate,Raman,200-3500 cm-1,"Ambient, 785nm laser",Bruker Senterra II,Polynomial (3rd order),SpectraBase,10.4644/77f7886d,0.735,0.816,0.958,0.866,0.826,ACCEPT,
SPEC-00909,Methylene diphenyl diisocyanate,101-68-8,Polyurethane,Raman,200-3500 cm-1,"25C, N2 purge",Bruker Senterra II,ALS,SpectraBase,10.2137/e0e77a4e,0.759,0.954,0.918,0.875,0.863,ACCEPT,
SPEC-00792,Methyl cyanoacrylate,137-05-3,Cyanoacrylate,IR,650-4000 cm-1,"23C, dry air",JASCO FT/IR-6600,Rubberband,PubChem,10.7322/ab7d8b41,0.661,0.876,0.77,0.675,0.739,FLAG,
SPEC-00388,Hydrogenated rosin,65997-06-0,Hot-melt,FTIR,650-4000 cm-1,"23C, dry air",Thermo Nicolet iS50,Polynomial (3rd order),KnowItAll,10.3360/2e7b13f0,0.727,0.899,0.909,0.94,0.849,ACCEPT,
SPEC-00744,Aminopropyltriethoxysilane,919-30-2,Silicone,Raman,200-3500 cm-1,"Room temperature, ambient atmosphere",WITec alpha300,Rubberband,PubChem,10.5409/bb0264bb,0.673,0.612,0.835,0.965,0.749,FLAG,
SPEC-00252,Polybutadiene,9003-17-2,Rubber-based,FTIR,650-4000 cm-1,"25C, N2 purge",Bruker Vertex 70,Polynomial (3rd order),PubChem,10.4882/56d3a9cc,0.742,0.945,0.589,0.946,0.803,ACCEPT,
SPEC-00549,Triglycidyl isocyanurate,2451-62-9,Epoxy,IR,650-4000 cm-1,"25C, N2 purge",Agilent Cary 630,ALS,KnowItAll,10.5738/a2fdb2c7,0.829,0.788,0.88,0.768,0.817,ACCEPT,
SPEC-00199,2-Ethylhexyl acrylate,103-11-7,Acrylic/PSA,Raman,200-3500 cm-1,"Ambient, 785nm laser",Thermo DXR3,SNIP,Open SPECY,10.7135/98d1d113,0.919,0.906,0.99,0.858,0.918,ACCEPT,
SPEC-00305,Polyisoprene,9003-31-0,Rubber-based,Raman,200-3500 cm-1,"Ambient, 785nm laser",Renishaw inVia,ALS,NIST WebBook,10.6500/dc0f80f7,0.994,0.667,0.948,0.635,0.831,ACCEPT,
SPEC-00228,Polyisoprene,9003-31-0,Rubber-based,IR,650-4000 cm-1,"Ambient, KBr pellet",Bruker Vertex 70,ALS,Open SPECY,10.8353/22919bba,0.806,0.905,0.596,0.635,0.755,ACCEPT,
SPEC-00669,Phenyltrimethoxysilane,2996-92-1,Silicone,IR,650-4000 cm-1,"23C, dry air",Thermo Nicolet iS50,SNIP,SDBS,10.7722/b3a5f2a2,0.9,0.907,0.842,0.652,0.841,ACCEPT,
SPEC-00246,Polyisoprene,9003-31-0,Rubber-based,IR,650-4000 cm-1,"Ambient, KBr pellet",Thermo Nicolet iS50,SNIP,SDBS,10.3258/fd46ce70,0.691,0.749,0.614,0.755,0.703,FLAG,
SPEC-00192,Acrylic acid,79-10-7,Acrylic/PSA,Raman,200-3500 cm-1,"23C, dry air",Thermo DXR3,Polynomial (3rd order),KnowItAll,10.2923/654c05b6,0.706,0.874,0.965,0.955,0.85,ACCEPT,
SPEC-00367,Ethylene-vinyl acetate,24937-78-8,Hot-melt,IR,650-4000 cm-1,"25C, N2 purge",Agilent Cary 630,Rubberband,Open SPECY,10.9328/a76502f7,0.836,0.619,0.971,0.936,0.829,ACCEPT,
SPEC-00797,Butyl cyanoacrylate,6606-65-1,Cyanoacrylate,IR,650-4000 cm-1,"25C, N2 purge",Bruker Vertex 70,SNIP,KnowItAll,10.7407/88bd06dc,0.876,0.968,0.706,0.937,0.877,ACCEPT,
SPEC-00905,Hexamethylene diisocyanate,822-06-0,Polyurethane,FTIR,650-4000 cm-1,"25C, N2 purge",JASCO FT/IR-6600,Polynomial (3rd order),SpectraBase,10.5582/585d637a,0.764,0.623,0.917,0.93,0.793,ACCEPT,
SPEC-00465,Polyamide resin,63428-84-2,Hot-melt,Raman,200-3500 cm-1,"Room temperature, ambient atmosphere",WITec alpha300,Rubberband,SDBS,10.2092/fa92191f,0.865,0.729,0.838,0.644,0.781,ACCEPT,
SPEC-00134,Ethyl acrylate,140-88-5,Acrylic/PSA,Raman,200-3500 cm-1,"25C, N2 purge",Bruker Senterra II,Polynomial (3rd order),SpectraBase,10.9749/96353dc9,0.989,0.844,0.889,0.914,0.918,ACCEPT,
SPEC-00752,Phenyltrimethoxysilane,2996-92-1,Silicone,Raman,200-3500 cm-1,"23C, dry air",Horiba LabRAM HR,SNIP,KnowItAll,10.7166/83fa3648,0.661,0.933,0.852,0.869,0.809,ACCEPT,
SPEC-00761,Methyl cyanoacrylate,137-05-3,Cyanoacrylate,IR,650-4000 cm-1,"23C, dry air",Thermo Nicolet iS50,Polynomial (3rd order),Open SPECY,10.1393/fd73a758,0.765,0.625,0.831,0.611,0.712,FLAG,
SPEC-00026,Methyl methacrylate,80-62-6,Acrylic/PSA,FTIR,650-4000 cm-1,"23C, dry air",Bruker Vertex 70,Rubberband,SpectraBase,10.9288/6b2e1d88,0.81,0.999,0.998,0.629,0.859,ACCEPT,
SPEC-00392,Polyamide resin,63428-84-2,Hot-melt,FTIR,650-4000 cm-1,"Room temperature, ambient atmosphere",Bruker Vertex 70,Polynomial (3rd order),NIST WebBook,10.4842/f8b51e29,0.904,0.795,0.699,0.651,0.785,ACCEPT,
SPEC-00825,Butyl cyanoacrylate,6606-65-1,Cyanoacrylate,Raman,200-3500 cm-1,"Room temperature, ambient atmosphere",Thermo DXR3,SNIP,NIST WebBook,10.7032/8b3736e1,0.92,0.901,0.707,0.884,0.865,ACCEPT,
SPEC-00081,Methyl acrylate,96-33-3,Acrylic/PSA,FTIR,650-4000 cm-1,"Ambient, KBr pellet",Bruker Vertex 70,ALS,NIST WebBook,10.3492/c116bb81,0.911,0.882,0.915,0.754,0.873,ACCEPT,
SPEC-00557,Cycloaliphatic epoxy,2386-87-0,Epoxy,Raman,200-3500 cm-1,"23C, dry air",WITec alpha300,Polynomial (3rd order),KnowItAll,10.6488/645e7e18,0.774,0.938,0.825,0.861,0.843,ACCEPT,
SPEC-00725,Vinyltrimethoxysilane,2768-02-7,Silicone,Raman,200-3500 cm-1,"25C, N2 purge",Bruker Senterra II,ALS,Open SPECY,10.9514/5b02a547,0.883,0.926,0.808,0.656,0.833,ACCEPT,
SPEC-00633,Methyltrimethoxysilane,1185-55-3,Silicone,IR,650-4000 cm-1,"Room temperature, ambient atmosphere",Bruker Vertex 70,Rubberband,SpectraBase,10.8203/7cb405ab,0.972,0.941,0.764,0.879,0.904,ACCEPT,
SPEC-00029,Isobutyl methacrylate,97-86-9,Acrylic/PSA,FTIR,650-4000 cm-1,"Room temperature, ambient atmosphere",JASCO FT/IR-6600,Polynomial (3rd order),KnowItAll,10.1722/7534aae2,0.738,0.963,0.573,0.854,0.784,ACCEPT,
SPEC-00157,Acrylic acid,79-10-7,Acrylic/PSA,Raman,200-3500 cm-1,"23C, dry air",WITec alpha300,Rubberband,NIST WebBook,10.3852/2084bc52,0.962,0.941,0.87,0.971,0.94,ACCEPT,
SPEC-00608,Cycloaliphatic epoxy,2386-87-0,Epoxy,Raman,200-3500 cm-1,"23C, dry air",WITec alpha300,ALS,SDBS,10.3663/a99ec1fe,0.662,0.727,0.705,0.749,0.704,FLAG,
SPEC-00644,Vinyltrimethoxysilane,2768-02-7,Silicone,FTIR,650-4000 cm-1,"Ambient, KBr pellet",Thermo Nicolet iS50,SNIP,NIST WebBook,10.9837/902198ee,0.901,0.795,0.599,0.87,0.808,ACCEPT,
SPEC-00012,Hydroxypropyl methacrylate,27813-02-1,Acrylic/PSA,IR,650-4000 cm-1,"Room temperature, ambient atmosphere",PerkinElmer Spectrum Two,Polynomial (3rd order),SDBS,10.3927/9843834a,0.705,0.601,0.875,0.888,0.75,ACCEPT,
SPEC-00856,Ethyl cyanoacrylate,7085-85-0,Cyanoacrylate,Raman,200-3500 cm-1,"Room temperature, ambient atmosphere",WITec alpha300,ALS,Open SPECY,10.3756/e427741b,0.887,0.995,0.616,0.98,0.878,ACCEPT,
SPEC-00835,Butyl cyanoacrylate,6606-65-1,Cyanoacrylate,Raman,200-3500 cm-1,"Room temperature, ambient atmosphere",Horiba LabRAM HR,SNIP,PubChem,10.4458/77ebf353,0.913,0.603,0.812,0.995,0.832,ACCEPT,
SPEC-00787,Methyl cyanoacrylate,137-05-3,Cyanoacrylate,FTIR,650-4000 cm-1,"Ambient, KBr pellet",Thermo Nicolet iS50,Polynomial (3rd order),SDBS,10.8679/ba0d6e66,0.903,0.684,0.655,0.835,0.785,ACCEPT,
SPEC-00096,2-Ethylhexyl acrylate,103-11-7,Acrylic/PSA,FTIR,650-4000 cm-1,"25C, N2 purge",Bruker Vertex 70,SNIP,SpectraBase,10.9807/5f723ea7,0.666,0.615,0.998,0.646,0.716,FLAG,
SPEC-00209,Butyl acrylate,141-32-2,Acrylic/PSA,Raman,200-3500 cm-1,"Room temperature, ambient atmosphere",Bruker Senterra II,Rubberband,SDBS,10.1647/ba3019b3,0.837,0.932,0.573,0.751,0.791,ACCEPT,
SPEC-00331,Polybutadiene,9003-17-2,Rubber-based,Raman,200-3500 cm-1,"Room temperature, ambient atmosphere",Bruker Senterra II,Polynomial (3rd order),Open SPECY,10.2676/9ee1defb,0.738,0.787,0.855,0.93,0.812,ACCEPT,
SPEC-00805,2-Methoxyethyl cyanoacrylate,27816-23-5,Cyanoacrylate,FTIR,650-4000 cm-1,"Room temperature, ambient atmosphere",Bruker Vertex 70,ALS,KnowItAll,10.8274/765be8df,0.874,0.887,0.954,0.756,0.87,ACCEPT,
SPEC-00917,Methylene diphenyl diisocyanate,101-68-8,Polyurethane,Raman,200-3500 cm-1,"Ambient, 785nm laser",Bruker Senterra II,Rubberband,SDBS,10.3971/844b1970,0.963,0.842,0.63,0.812,0.836,ACCEPT,
SPEC-00267,Polyisoprene,9003-31-0,Rubber-based,IR,650-4000 cm-1,"25C, N2 purge",Agilent Cary 630,SNIP,Open SPECY,10.2847/81f12432,0.876,0.914,0.907,0.696,0.856,ACCEPT,
SPEC-00643,Aminopropyltriethoxysilane,919-30-2,Silicone,FTIR,650-4000 cm-1,"25C, N2 purge",Bruker Vertex 70,SNIP,SpectraBase,10.5965/a9693269,0.808,0.941,0.749,0.614,0.791,ACCEPT,
SPEC-00781,Methyl cyanoacrylate,137-05-3,Cyanoacrylate,IR,650-4000 cm-1,"Room temperature, ambient atmosphere",Agilent Cary 630,Rubberband,KnowItAll,10.5170/01523a95,0.789,0.722,0.95,0.829,0.812,ACCEPT,
SPEC-00402,Hydrogenated rosin,65997-06-0,Hot-melt,FTIR,650-4000 cm-1,"Ambient, KBr pellet",PerkinElmer Spectrum Two,Polynomial (3rd order),SpectraBase,10.9460/d5865789,0.879,0.934,0.782,0.751,0.848,ACCEPT,
SPEC-00950,Methylene diphenyl diisocyanate,101-68-8,Polyurethane,Raman,200-3500 cm-1,"25C, N2 purge",Renishaw inVia,Polynomial (3rd order),Open SPECY,10.7876/8a5deeff,0.7,0.71,0.587,0.95,0.73,FLAG,
SPEC-00647,Vinyltrimethoxysilane,2768-02-7,Silicone,FTIR,650-4000 cm-1,"Room temperature, ambient atmosphere",PerkinElmer Spectrum Two,Polynomial (3rd order),KnowItAll,10.2391/11355dde,0.794,0.623,0.66,0.694,0.704,FLAG,
SPEC-00122,Isobutyl methacrylate,97-86-9,Acrylic/PSA,Raman,200-3500 cm-1,"25C, N2 purge",WITec alpha300,SNIP,KnowItAll,10.6179/f61e357d,0.888,0.953,0.839,0.995,0.916,ACCEPT,
SPEC-00517,Triglycidyl isocyanurate,2451-62-9,Epoxy,IR,650-4000 cm-1,"23C, dry air",JASCO FT/IR-6600,Polynomial (3rd order),PubChem,10.4296/2aecea63,0.795,0.734,0.802,0.855,0.793,ACCEPT,
SPEC-00130,2-Ethylhexyl acrylate,103-11-7,Acrylic/PSA,Raman,200-3500 cm-1,"Ambient, 785nm laser",Bruker Senterra II,Polynomial (3rd order),SDBS,10.2531/4db5a237,0.885,0.932,0.882,0.874,0.894,ACCEPT,
SPEC-00728,Phenyltrimethoxysilane,2996-92-1,Silicone,Raman,200-3500 cm-1,"25C, N2 purge",Bruker Senterra II,Rubberband,Open SPECY,10.7830/bada88fe,0.825,0.769,0.748,0.972,0.825,ACCEPT,
SPEC-00900,Methylene diphenyl diisocyanate,101-68-8,Polyurethane,IR,650-4000 cm-1,"Room temperature, ambient atmosphere",JASCO FT/IR-6600,Rubberband,NIST WebBook,10.9723/ffc9d3bb,0.928,0.878,0.883,0.759,0.873,ACCEPT,
SPEC-00237,Nitrile rubber,9003-18-3,Rubber-based,IR,650-4000 cm-1,"25C, N2 purge",PerkinElmer Spectrum Two,ALS,SpectraBase,10.6816/9d5f5f35,0.963,0.815,0.837,0.634,0.835,ACCEPT,
SPEC-00906,Polycaprolactone diol,36890-68-3,Polyurethane,IR,650-4000 cm-1,"23C, dry air",JASCO FT/IR-6600,Rubberband,NIST WebBook,10.7258/f22fa780,0.993,0.911,0.901,0.643,0.884,ACCEPT,
SPEC-00163,2-Ethylhexyl acrylate,103-11-7,Acrylic/PSA,Raman,200-3500 cm-1,"Room temperature, ambient atmosphere",WITec alpha300,ALS,SDBS,10.1674/d8d5d027,0.71,0.85,0.956,0.735,0.799,ACCEPT,
SPEC-00530,Triglycidyl isocyanurate,2451-62-9,Epoxy,IR,650-4000 cm-1,"23C, dry air",Bruker Vertex 70,Polynomial (3rd order),SDBS,10.8304/a896d976,0.669,0.771,0.631,0.838,0.721,FLAG,
SPEC-00828,Octyl cyanoacrylate,16493-40-6,Cyanoacrylate,Raman,200-3500 cm-1,"25C, N2 purge",Horiba LabRAM HR,SNIP,SpectraBase,10.7929/5a0e4311,0.789,0.834,0.955,0.807,0.837,ACCEPT,
SPEC-00413,Polyester hot-melt,25038-59-9,Hot-melt,IR,650-4000 cm-1,"Ambient, KBr pellet",Agilent Cary 630,Rubberband,SDBS,10.5514/1fa72a48,0.855,0.705,0.791,0.826,0.799,ACCEPT,
SPEC-00178,Butyl acrylate,141-32-2,Acrylic/PSA,Raman,200-3500 cm-1,"Ambient, 785nm laser",Horiba LabRAM HR,ALS,SpectraBase,10.7723/b38ffa4d,0.717,0.776,0.738,0.765,0.746,FLAG,
SPEC-00746,Phenyltrimethoxysilane,2996-92-1,Silicone,Raman,200-3500 cm-1,"Room temperature, ambient atmosphere",Bruker Senterra II,ALS,SDBS,10.8401/3c69f582,0.995,0.913,0.792,0.77,0.889,ACCEPT,
SPEC-00400,Ethylene-vinyl acetate,24937-78-8,Hot-melt,FTIR,650-4000 cm-1,"Ambient, KBr pellet",Thermo Nicolet iS50,SNIP,KnowItAll,10.7358/55c65ee7,0.743,0.694,0.851,0.807,0.765,ACCEPT,
SPEC-00652,Phenyltrimethoxysilane,2996-92-1,Silicone,FTIR,650-4000 cm-1,"23C, dry air",Bruker Vertex 70,SNIP,NIST WebBook,10.5945/78bd4398,0.93,0.79,0.644,0.918,0.835,ACCEPT,
SPEC-00132,Acrylic acid,79-10-7,Acrylic/PSA,Raman,200-3500 cm-1,"23C, dry air",Horiba LabRAM HR,Rubberband,SDBS,10.1618/1f51dcfc,0.946,0.64,0.897,0.934,0.857,ACCEPT,
SPEC-00440,Polypropylene wax,9003-07-0,Hot-melt,Raman,200-3500 cm-1,"23C, dry air",Renishaw inVia,SNIP,KnowItAll,10.8289/054339a7,0.761,0.717,0.67,0.858,0.751,ACCEPT,
SPEC-00592,Bisphenol F epoxy,2095-03-6,Epoxy,Raman,200-3500 cm-1,"23C, dry air",Thermo DXR3,Polynomial (3rd order),SpectraBase,10.3174/14c11ca1,0.679,0.901,0.862,0.763,0.788,ACCEPT,
SPEC-00053,Isobutyl methacrylate,97-86-9,Acrylic/PSA,IR,650-4000 cm-1,"Room temperature, ambient atmosphere",Thermo Nicolet iS50,Rubberband,KnowItAll,10.3749/af212cdf,0.884,0.826,0.648,0.88,0.822,ACCEPT,
SPEC-00403,Polyethylene wax,9002-88-4,Hot-melt,FTIR,650-4000 cm-1,"23C, dry air",Agilent Cary 630,Rubberband,SpectraBase,10.2263/5e4bb0c4,0.961,0.603,0.947,0.776,0.832,ACCEPT,
SPEC-00660,Octamethylcyclotetrasiloxane,556-67-2,Silicone,IR,650-4000 cm-1,"Room temperature, ambient atmosphere",JASCO FT/IR-6600,Polynomial (3rd order),PubChem,10.4900/031e499d,0.94,0.98,0.969,0.701,0.908,ACCEPT,
SPEC-00892,Isophorone diisocyanate,4098-71-9,Polyurethane,IR,650-4000 cm-1,"Room temperature, ambient atmosphere",Agilent Cary 630,SNIP,Open SPECY,10.8851/e09a3573,0.834,0.88,0.991,0.689,0.848,ACCEPT,
SPEC-00198,Hydroxypropyl methacrylate,27813-02-1,Acrylic/PSA,Raman,200-3500 cm-1,"Room temperature, ambient atmosphere",Horiba LabRAM HR,Polynomial (3rd order),PubChem,10.8734/15d5c173,0.771,0.626,0.997,0.974,0.821,ACCEPT,
SPEC-00401,Polyester hot-melt,25038-59-9,Hot-melt,IR,650-4000 cm-1,"25C, N2 purge",Bruker Vertex 70,SNIP,NIST WebBook,10.5314/42f2558f,0.763,0.881,0.785,0.932,0.831,ACCEPT,
SPEC-00570,Cycloaliphatic epoxy,2386-87-0,Epoxy,Raman,200-3500 cm-1,"Room temperature, ambient atmosphere",Horiba LabRAM HR,Rubberband,SpectraBase,10.3292/d49b29d5,0.891,0.795,0.948,0.775,0.855,ACCEPT,
SPEC-00840,Ethyl cyanoacrylate,7085-85-0,Cyanoacrylate,Raman,200-3500 cm-1,"Room temperature, ambient atmosphere",Bruker Senterra II,Polynomial (3rd order),Open SPECY,10.7556/98543012,0.989,0.894,0.855,0.693,0.879,ACCEPT,
SPEC-00441,Polyamide resin,63428-84-2,Hot-melt,Raman,200-3500 cm-1,"25C, N2 purge",Thermo DXR3,Rubberband,NIST WebBook,10.2311/607b517a,0.714,0.609,0.877,0.865,0.751,ACCEPT,
SPEC-00586,Bisphenol F epoxy,2095-03-6,Epoxy,Raman,200-3500 cm-1,"25C, N2 purge",Thermo DXR3,SNIP,SpectraBase,10.8454/2370148d,0.676,0.834,0.574,0.774,0.715,FLAG,
SPEC-00175,Methyl acrylate,96-33-3,Acrylic/PSA,Raman,200-3500 cm-1,"Ambient, 785nm laser",WITec alpha300,Polynomial (3rd order),KnowItAll,10.9311/b7b5cde5,0.707,0.996,0.883,0.72,0.817,ACCEPT,
SPEC-00924,Toluene diisocyanate,26471-62-5,Polyurethane,Raman,200-3500 cm-1,"25C, N2 purge",Bruker Senterra II,Rubberband,Open SPECY,10.4973/b17371b0,0.753,0.658,0.934,0.989,0.813,ACCEPT,
SPEC-00326,Styrene-butadiene rubber,9003-55-8,Rubber-based,Raman,200-3500 cm-1,"Ambient, 785nm laser",Renishaw inVia,SNIP,KnowItAll,10.7035/77235370,0.737,0.783,0.963,0.882,0.823,ACCEPT,
SPEC-00615,Bisphenol A diglycidyl ether,1675-54-3,Epoxy,Raman,200-3500 cm-1,"25C, N2 purge",WITec alpha300,SNIP,Open SPECY,10.5728/ecded60b,0.725,0.955,0.884,0.766,0.823,ACCEPT,
SPEC-00760,Octyl cyanoacrylate,16493-40-6,Cyanoacrylate,FTIR,650-4000 cm-1,"Ambient, KBr pellet",Bruker Vertex 70,ALS,NIST WebBook,10.4696/cc24c1fa,0.718,0.633,0.807,0.61,0.693,FLAG,
SPEC-00532,Epichlorohydrin,106-89-8,Epoxy,IR,650-4000 cm-1,"23C, dry air",Agilent Cary 630,Polynomial (3rd order),SpectraBase,10.3354/a82cf696,0.89,0.884,0.759,0.693,0.823,ACCEPT,
SPEC-00852,Methyl cyanoacrylate,137-05-3,Cyanoacrylate,Raman,200-3500 cm-1,"23C, dry air",Renishaw inVia,Rubberband,Open SPECY,10.7419/793f28df,0.895,0.621,0.939,0.672,0.791,ACCEPT,
SPEC-00810,2-Methoxyethyl cyanoacrylate,27816-23-5,Cyanoacrylate,Raman,200-3500 cm-1,"Room temperature, ambient atmosphere",Bruker Senterra II,Rubberband,SDBS,10.9185/0523fcae,0.779,0.627,0.648,0.721,0.703,FLAG,
SPEC-00158,Ethyl acrylate,140-88-5,Acrylic/PSA,Raman,200-3500 cm-1,"Ambient, 785nm laser",Horiba LabRAM HR,Rubberband,SDBS,10.7044/b08bccec,0.927,0.695,0.772,0.744,0.801,ACCEPT,
SPEC-00027,Ethyl acrylate,140-88-5,Acrylic/PSA,FTIR,650-4000 cm-1,"Room temperature, ambient atmosphere",Bruker Vertex 70,Polynomial (3rd order),SDBS,10.9666/9d372c6a,0.779,0.663,0.925,0.881,0.8,ACCEPT,
SPEC-00016,Isobutyl methacrylate,97-86-9,Acrylic/PSA,FTIR,650-4000 cm-1,"Room temperature, ambient atmosphere",Agilent Cary 630,ALS,SpectraBase,10.4608/171add5b,0.692,0.69,0.702,0.835,0.722,FLAG,
SPEC-00901,Isophorone diisocyanate,4098-71-9,Polyurethane,FTIR,650-4000 cm-1,"25C, N2 purge",JASCO FT/IR-6600,ALS,PubChem,10.3621/158a4925,0.847,0.756,0.823,0.683,0.787,ACCEPT,
SPEC-00842,Octyl cyanoacrylate,16493-40-6,Cyanoacrylate,Raman,200-3500 cm-1,"Ambient, 785nm laser",Renishaw inVia,ALS,Open SPECY,10.3753/3aefc114,0.929,0.721,0.853,0.819,0.84,ACCEPT,
SPEC-00005,Acrylic acid,79-10-7,Acrylic/PSA,IR,650-4000 cm-1,"Room temperature, ambient atmosphere",JASCO FT/IR-6600,Rubberband,NIST WebBook,10.2139/4527d7e6,0.94,0.847,0.938,0.831,0.895,ACCEPT,
SPEC-00248,Polybutadiene,9003-17-2,Rubber-based,IR,650-4000 cm-1,"Ambient, KBr pellet",PerkinElmer Spectrum Two,SNIP,SpectraBase,10.7290/0a04fb51,0.867,0.946,0.978,0.794,0.894,ACCEPT,
SPEC-00690,Octamethylcyclotetrasiloxane,556-67-2,Silicone,FTIR,650-4000 cm-1,"23C, dry air",Agilent Cary 630,Rubberband,NIST WebBook,10.2574/fe3a0b60,0.932,0.724,0.858,0.653,0.809,ACCEPT,
SPEC-00425,Ethylene-vinyl acetate,24937-78-8,Hot-melt,Raman,200-3500 cm-1,"25C, N2 purge",Bruker Senterra II,Rubberband,SDBS,10.5408/1fe51f1d,0.844,0.671,0.691,0.687,0.739,FLAG,
SPEC-00815,Butyl cyanoacrylate,6606-65-1,Cyanoacrylate,Raman,200-3500 cm-1,"Room temperature, ambient atmosphere",Bruker Senterra II,Rubberband,NIST WebBook,10.5726/14f2b8d8,0.875,0.904,0.784,0.991,0.887,ACCEPT,
SPEC-00942,Toluene diisocyanate,26471-62-5,Polyurethane,Raman,200-3500 cm-1,"Room temperature, ambient atmosphere",Horiba LabRAM HR,SNIP,Open SPECY,10.3301/20cc3928,0.899,0.784,0.994,0.991,0.908,ACCEPT,
SPEC-00271,Chloroprene rubber,9010-98-4,Rubber-based,FTIR,650-4000 cm-1,"25C, N2 purge",Agilent Cary 630,ALS,NIST WebBook,10.8167/0abe45a5,0.872,0.934,0.856,0.626,0.835,ACCEPT,
SPEC-00675,Methyltrimethoxysilane,1185-55-3,Silicone,IR,650-4000 cm-1,"Ambient, KBr pellet",Agilent Cary 630,ALS,SpectraBase,10.7056/2554d712,0.66,0.99,0.656,0.78,0.766,ACCEPT,
SPEC-00275,Polybutadiene,9003-17-2,Rubber-based,FTIR,650-4000 cm-1,"25C, N2 purge",Bruker Vertex 70,ALS,SDBS,10.2889/80732092,0.951,0.667,0.621,0.909,0.806,ACCEPT,
SPEC-00904,Methylene diphenyl diisocyanate,101-68-8,Polyurethane,IR,650-4000 cm-1,"23C, dry air",JASCO FT/IR-6600,Rubberband,PubChem,10.9999/184be624,0.65,0.739,0.822,0.748,0.726,FLAG,
SPEC-00520,Triglycidyl isocyanurate,2451-62-9,Epoxy,FTIR,650-4000 cm-1,"Room temperature, ambient atmosphere",Agilent Cary 630,Rubberband,NIST WebBook,10.6169/123c1d16,0.975,0.622,0.784,0.826,0.819,ACCEPT,
SPEC-00230,Natural rubber,9006-04-6,Rubber-based,IR,650-4000 cm-1,"Ambient, KBr pellet",JASCO FT/IR-6600,Rubberband,KnowItAll,10.5397/65cb728d,0.85,0.668,0.721,0.656,0.74,FLAG,
SPEC-00801,Ethyl cyanoacrylate,7085-85-0,Cyanoacrylate,FTIR,650-4000 cm-1,"Ambient, KBr pellet",Bruker Vertex 70,ALS,Open SPECY,10.4185/667057fa,0.874,0.87,0.758,0.737,0.822,ACCEPT,
SPEC-00384,Polyester hot-melt,25038-59-9,Hot-melt,IR,650-4000 cm-1,"Room temperature, ambient atmosphere",Thermo Nicolet iS50,Rubberband,NIST WebBook,10.8130/358e3f39,0.798,0.642,0.792,0.881,0.774,ACCEPT,
SPEC-00008,Methyl acrylate,96-33-3,Acrylic/PSA,IR,650-4000 cm-1,"25C, N2 purge",Bruker Vertex 70,SNIP,NIST WebBook,10.6155/b591ab85,0.79,0.626,0.961,0.827,0.791,ACCEPT,
SPEC-00406,Polyamide resin,63428-84-2,Hot-melt,IR,650-4000 cm-1,"23C, dry air",Bruker Vertex 70,ALS,SDBS,10.1305/26d993d2,0.74,0.672,0.981,0.84,0.791,ACCEPT,
SPEC-00759,Octyl cyanoacrylate,16493-40-6,Cyanoacrylate,IR,650-4000 cm-1,"Ambient, KBr pellet",JASCO FT/IR-6600,SNIP,PubChem,10.5553/084c80dd,0.823,0.807,0.57,0.888,0.781,ACCEPT,
SPEC-00804,Ethyl cyanoacrylate,7085-85-0,Cyanoacrylate,FTIR,650-4000 cm-1,"Room temperature, ambient atmosphere",Thermo Nicolet iS50,Rubberband,SpectraBase,10.4549/01c13d90,0.885,0.604,0.673,0.776,0.751,ACCEPT,
SPEC-00721,Polydimethylsiloxane,63148-62-9,Silicone,Raman,200-3500 cm-1,"23C, dry air",Bruker Senterra II,Rubberband,SpectraBase,10.9527/f6981ca6,0.663,0.734,0.876,0.896,0.77,ACCEPT,
SPEC-00661,Octamethylcyclotetrasiloxane,556-67-2,Silicone,FTIR,650-4000 cm-1,"25C, N2 purge",JASCO FT/IR-6600,Rubberband,SpectraBase,10.2750/9e0d055b,0.786,0.899,0.656,0.769,0.785,ACCEPT,
SPEC-00841,Octyl cyanoacrylate,16493-40-6,Cyanoacrylate,Raman,200-3500 cm-1,"25C, N2 purge",Thermo DXR3,ALS,KnowItAll,10.4196/9d93ca4a,0.995,0.943,0.957,0.894,0.954,ACCEPT,
SPEC-00423,Polyester hot-melt,25038-59-9,Hot-melt,Raman,200-3500 cm-1,"25C, N2 purge",Thermo DXR3,Rubberband,PubChem,10.7269/304ac741,0.811,0.835,0.562,0.647,0.734,FLAG,
SPEC-00476,Polypropylene wax,9003-07-0,Hot-melt,Raman,200-3500 cm-1,"25C, N2 purge",Bruker Senterra II,ALS,SDBS,10.7550/e82adf76,0.961,0.7,0.665,0.72,0.788,ACCEPT,
SPEC-00813,2-Methoxyethyl cyanoacrylate,27816-23-5,Cyanoacrylate,Raman,200-3500 cm-1,"Room temperature, ambient atmosphere",Horiba LabRAM HR,Rubberband,SpectraBase,10.2300/1ba34eb8,0.916,0.65,0.656,0.771,0.768,ACCEPT,
SPEC-00360,Polyamide resin,63428-84-2,Hot-melt,FTIR,650-4000 cm-1,"25C, N2 purge",Agilent Cary 630,SNIP,PubChem,10.9305/622d86bf,0.676,0.797,0.658,0.988,0.765,ACCEPT,
SPEC-00938,Polycaprolactone diol,36890-68-3,Polyurethane,Raman,200-3500 cm-1,"23C, dry air",Horiba LabRAM HR,SNIP,NIST WebBook,10.3638/8cd28832,0.731,0.686,0.857,0.656,0.73,FLAG,
SPEC-00481,Polyethylene wax,9002-88-4,Hot-melt,Raman,200-3500 cm-1,"25C, N2 purge",Horiba LabRAM HR,Rubberband,SDBS,10.8118/860eb73a,0.85,0.62,0.73,0.634,0.725,FLAG,
SPEC-00201,2-Ethylhexyl acrylate,103-11-7,Acrylic/PSA,Raman,200-3500 cm-1,"Ambient, 785nm laser",WITec alpha300,SNIP,KnowItAll,10.8585/9396681c,0.905,0.689,0.552,0.609,0.721,FLAG,
SPEC-00118,Hydroxypropyl methacrylate,27813-02-1,Acrylic/PSA,Raman,200-3500 cm-1,"Room temperature, ambient atmosphere",Horiba LabRAM HR,SNIP,NIST WebBook,10.6928/eb423593,0.657,0.73,0.911,0.847,0.764,ACCEPT,
SPEC-00912,Polycaprolactone diol,36890-68-3,Polyurethane,Raman,200-3500 cm-1,"Room temperature, ambient atmosphere",Renishaw inVia,Rubberband,SDBS,10.6544/73c49129,0.86,0.917,0.554,0.917,0.824,ACCEPT,
SPEC-00565,Bisphenol A diglycidyl ether,1675-54-3,Epoxy,Raman,200-3500 cm-1,"25C, N2 purge",Bruker Senterra II,ALS,PubChem,10.9154/f7dbfa44,0.662,0.628,0.877,0.911,0.746,FLAG,
SPEC-00466,Ethylene-vinyl acetate,24937-78-8,Hot-melt,Raman,200-3500 cm-1,"23C, dry air",Renishaw inVia,ALS,Open SPECY,10.9026/6510b4c0,0.721,0.794,0.594,0.828,0.735,FLAG,
SPEC-00796,Ethyl cyanoacrylate,7085-85-0,Cyanoacrylate,IR,650-4000 cm-1,"Ambient, KBr pellet",Agilent Cary 630,SNIP,SDBS,10.9043/8e64c384,0.939,0.842,0.661,0.732,0.818,ACCEPT,
SPEC-00229,Polyisoprene,9003-31-0,Rubber-based,IR,650-4000 cm-1,"Ambient, KBr pellet",Bruker Vertex 70,SNIP,PubChem,10.5781/8455e796,0.844,0.839,0.903,0.945,0.875,ACCEPT,
SPEC-00217,Styrene-butadiene rubber,9003-55-8,Rubber-based,FTIR,650-4000 cm-1,"Room temperature, ambient atmosphere",PerkinElmer Spectrum Two,SNIP,Open SPECY,10.1257/7e3d32b5,0.866,0.867,0.827,0.793,0.844,ACCEPT,
SPEC-00431,Polypropylene wax,9003-07-0,Hot-melt,Raman,200-3500 cm-1,"23C, dry air",Bruker Senterra II,Rubberband,Open SPECY,10.6621/b9bc104d,0.864,0.704,0.797,0.695,0.777,ACCEPT,
SPEC-00873,Toluene diisocyanate,26471-62-5,Polyurethane,FTIR,650-4000 cm-1,"23C, dry air",JASCO FT/IR-6600,ALS,SpectraBase,10.7206/4d8cf39c,0.741,0.875,0.871,0.863,0.825,ACCEPT,
SPEC-00297,Natural rubber,9006-04-6,Rubber-based,Raman,200-3500 cm-1,"23C, dry air",Bruker Senterra II,Rubberband,SDBS,10.1462/f2d26ee9,0.712,0.837,0.913,0.879,0.817,ACCEPT,
SPEC-00684,Octamethylcyclotetrasiloxane,556-67-2,Silicone,IR,650-4000 cm-1,"25C, N2 purge",Thermo Nicolet iS50,SNIP,SDBS,10.1067/1d2a5e84,0.828,0.709,0.951,0.834,0.824,ACCEPT,
SPEC-00034,Ethyl acrylate,140-88-5,Acrylic/PSA,FTIR,650-4000 cm-1,"Room temperature, ambient atmosphere",Thermo Nicolet iS50,Rubberband,SpectraBase,10.4652/dab9cbd1,0.936,0.784,0.687,0.918,0.845,ACCEPT,
SPEC-00898,Isophorone diisocyanate,4098-71-9,Polyurethane,IR,650-4000 cm-1,"23C, dry air",Thermo Nicolet iS50,SNIP,SDBS,10.6690/9732245b,0.843,0.701,0.945,0.941,0.848,ACCEPT,
SPEC-00596,Novolac epoxy,28064-14-4,Epoxy,Raman,200-3500 cm-1,"Room temperature, ambient atmosphere",Horiba LabRAM HR,Polynomial (3rd order),KnowItAll,10.8624/7e6417b8,0.981,0.87,0.95,0.644,0.88,ACCEPT,
SPEC-00516,Bisphenol F epoxy,2095-03-6,Epoxy,FTIR,650-4000 cm-1,"Ambient, KBr pellet",Agilent Cary 630,ALS,PubChem,10.1392/f266b233,0.959,0.693,0.681,0.677,0.78,ACCEPT,
SPEC-00455,Polyamide resin,63428-84-2,Hot-melt,Raman,200-3500 cm-1,"Ambient, 785nm laser",Thermo DXR3,SNIP,SDBS,10.4415/0ed4e269,0.908,0.613,0.757,0.908,0.804,ACCEPT,
SPEC-00649,Phenyltrimethoxysilane,2996-92-1,Silicone,IR,650-4000 cm-1,"Room temperature, ambient atmosphere",Agilent Cary 630,Rubberband,PubChem,10.9001/08b46765,0.658,0.727,0.807,0.729,0.719,FLAG,
SPEC-00103,Ethyl acrylate,140-88-5,Acrylic/PSA,IR,650-4000 cm-1,"Ambient, KBr pellet",Agilent Cary 630,ALS,SDBS,10.5941/0d2cbc94,0.981,0.617,0.902,0.947,0.867,ACCEPT,
SPEC-00558,Epichlorohydrin,106-89-8,Epoxy,Raman,200-3500 cm-1,"23C, dry air",Horiba LabRAM HR,Rubberband,NIST WebBook,10.4193/92a03a50,0.879,0.756,0.898,0.9,0.856,ACCEPT,
SPEC-00639,Aminopropyltriethoxysilane,919-30-2,Silicone,FTIR,650-4000 cm-1,"Room temperature, ambient atmosphere",PerkinElmer Spectrum Two,ALS,SpectraBase,10.8448/6170e978,0.883,0.98,0.994,0.805,0.914,ACCEPT,
SPEC-00770,Methyl cyanoacrylate,137-05-3,Cyanoacrylate,IR,650-4000 cm-1,"23C, dry air",Thermo Nicolet iS50,Polynomial (3rd order),Open SPECY,10.6425/34571b49,0.925,0.737,0.851,0.878,0.854,ACCEPT,
SPEC-00768,Butyl cyanoacrylate,6606-65-1,Cyanoacrylate,FTIR,650-4000 cm-1,"23C, dry air",JASCO FT/IR-6600,Polynomial (3rd order),KnowItAll,10.6618/398aaed8,0.759,0.954,0.899,0.659,0.816,ACCEPT,
SPEC-00509,Triglycidyl isocyanurate,2451-62-9,Epoxy,IR,650-4000 cm-1,"Ambient, KBr pellet",Agilent Cary 630,SNIP,SpectraBase,10.4553/fc3d8d8d,0.949,0.817,0.553,0.953,0.838,ACCEPT,
SPEC-00896,Polycaprolactone diol,36890-68-3,Polyurethane,FTIR,650-4000 cm-1,"Room temperature, ambient atmosphere",Thermo Nicolet iS50,Rubberband,NIST WebBook,10.2971/15f72ebf,0.747,0.834,0.589,0.643,0.716,FLAG,
SPEC-00422,Polypropylene wax,9003-07-0,Hot-melt,Raman,200-3500 cm-1,"25C, N2 purge",WITec alpha300,Polynomial (3rd order),Open SPECY,10.8923/8e50c4f1,0.957,0.925,0.809,0.878,0.904,ACCEPT,
SPEC-00632,Phenyltrimethoxysilane,2996-92-1,Silicone,IR,650-4000 cm-1,"23C, dry air",JASCO FT/IR-6600,Rubberband,NIST WebBook,10.4138/8daa5fc7,0.674,0.928,0.893,0.812,0.809,ACCEPT,
SPEC-00945,Methylene diphenyl diisocyanate,101-68-8,Polyurethane,Raman,200-3500 cm-1,"Ambient, 785nm laser",WITec alpha300,SNIP,PubChem,10.4654/6dba55db,0.704,0.642,0.719,0.828,0.716,FLAG,
SPEC-00666,Octamethylcyclotetrasiloxane,556-67-2,Silicone,FTIR,650-4000 cm-1,"Ambient, KBr pellet",PerkinElmer Spectrum Two,Polynomial (3rd order),Open SPECY,10.8718/131dc167,0.792,0.614,0.94,0.929,0.804,ACCEPT,
SPEC-00092,2-Ethylhexyl acrylate,103-11-7,Acrylic/PSA,IR,650-4000 cm-1,"23C, dry air",Thermo Nicolet iS50,SNIP,KnowItAll,10.3695/95797919,0.925,0.951,0.715,0.801,0.865,ACCEPT,
SPEC-00107,Isobutyl methacrylate,97-86-9,Acrylic/PSA,FTIR,650-4000 cm-1,"25C, N2 purge",Thermo Nicolet iS50,ALS,NIST WebBook,10.7105/ab550942,0.673,0.933,0.592,0.639,0.715,FLAG,
SPEC-00858,Ethyl cyanoacrylate,7085-85-0,Cyanoacrylate,Raman,200-3500 cm-1,"Room temperature, ambient atmosphere",Renishaw inVia,SNIP,SpectraBase,10.7150/38af81fb,0.692,0.759,0.686,0.838,0.737,FLAG,
SPEC-00826,Methyl cyanoacrylate,137-05-3,Cyanoacrylate,Raman,200-3500 cm-1,"25C, N2 purge",Thermo DXR3,Polynomial (3rd order),NIST WebBook,10.1462/822147b8,0.735,0.614,0.916,0.852,0.764,ACCEPT,
SPEC-00090,Isobutyl methacrylate,97-86-9,Acrylic/PSA,IR,650-4000 cm-1,"25C, N2 purge",JASCO FT/IR-6600,Polynomial (3rd order),KnowItAll,10.4588/0c69f115,0.941,0.961,0.899,0.692,0.888,ACCEPT,
SPEC-00102,2-Ethylhexyl acrylate,103-11-7,Acrylic/PSA,FTIR,650-4000 cm-1,"Ambient, KBr pellet",Bruker Vertex 70,Polynomial (3rd order),PubChem,10.8802/27a46b52,0.743,0.651,0.739,0.645,0.7,FLAG,
SPEC-00878,Polycaprolactone diol,36890-68-3,Polyurethane,FTIR,650-4000 cm-1,"Ambient, KBr pellet",JASCO FT/IR-6600,Rubberband,SDBS,10.1693/5fbd0aef,0.771,0.998,0.848,0.968,0.883,ACCEPT,
SPEC-00636,Phenyltrimethoxysilane,2996-92-1,Silicone,FTIR,650-4000 cm-1,"25C, N2 purge",Thermo Nicolet iS50,ALS,Open SPECY,10.7020/9e17ab16,0.793,0.994,0.743,0.943,0.863,ACCEPT,
SPEC-00719,Octamethylcyclotetrasiloxane,556-67-2,Silicone,Raman,200-3500 cm-1,"23C, dry air",Thermo DXR3,Rubberband,KnowItAll,10.1129/45fc8805,0.895,0.949,0.875,0.725,0.871,ACCEPT,
SPEC-00291,Polybutadiene,9003-17-2,Rubber-based,Raman,200-3500 cm-1,"23C, dry air",Thermo DXR3,SNIP,SpectraBase,10.5505/f2389911,0.66,0.873,0.628,0.686,0.712,FLAG,
SPEC-00650,Phenyltrimethoxysilane,2996-92-1,Silicone,FTIR,650-4000 cm-1,"Ambient, KBr pellet",Agilent Cary 630,ALS,Open SPECY,10.4305/11cdaae7,0.934,0.867,0.625,0.72,0.813,ACCEPT,
SPEC-00448,Hydrogenated rosin,65997-06-0,Hot-melt,Raman,200-3500 cm-1,"Ambient, 785nm laser",Bruker Senterra II,Rubberband,SDBS,10.8161/b6ce47e2,0.731,0.603,0.718,0.765,0.703,FLAG,
SPEC-00697,Methyltrimethoxysilane,1185-55-3,Silicone,Raman,200-3500 cm-1,"Room temperature, ambient atmosphere",Renishaw inVia,ALS,PubChem,10.8107/962f5335,0.715,0.899,0.822,0.949,0.829,ACCEPT,
SPEC-00706,Octamethylcyclotetrasiloxane,556-67-2,Silicone,Raman,200-3500 cm-1,"25C, N2 purge",Thermo DXR3,Polynomial (3rd order),Open SPECY,10.4802/4b285553,0.803,0.665,0.877,0.788,0.78,ACCEPT,
SPEC-00676,Methyltrimethoxysilane,1185-55-3,Silicone,IR,650-4000 cm-1,"23C, dry air",Agilent Cary 630,ALS,Open SPECY,10.7935/6305e0d7,0.955,0.99,0.729,0.685,0.865,ACCEPT,
SPEC-00866,Methylene diphenyl diisocyanate,101-68-8,Polyurethane,IR,650-4000 cm-1,"23C, dry air",Thermo Nicolet iS50,Polynomial (3rd order),SDBS,10.4539/ef4ddb1f,0.716,0.72,0.925,0.983,0.812,ACCEPT,
SPEC-00292,Styrene-butadiene rubber,9003-55-8,Rubber-based,Raman,200-3500 cm-1,"Room temperature, ambient atmosphere",Renishaw inVia,ALS,SDBS,10.8848/0f9c585c,0.865,0.847,0.841,0.8,0.843,ACCEPT,
SPEC-00391,Ethylene-vinyl acetate,24937-78-8,Hot-melt,IR,650-4000 cm-1,"23C, dry air",JASCO FT/IR-6600,ALS,SDBS,10.2198/e3fbe9da,0.948,0.973,0.997,0.785,0.931,ACCEPT,
SPEC-00447,Polyamide resin,63428-84-2,Hot-melt,Raman,200-3500 cm-1,"Room temperature, ambient atmosphere",WITec alpha300,SNIP,Open SPECY,10.5908/b615f80c,0.77,0.788,0.554,0.969,0.771,ACCEPT,
SPEC-00928,Polycaprolactone diol,36890-68-3,Polyurethane,Raman,200-3500 cm-1,"Room temperature, ambient atmosphere",Thermo DXR3,Rubberband,SpectraBase,10.1983/aa00e057,0.768,0.913,0.863,0.715,0.813,ACCEPT,
SPEC-00167,Butyl acrylate,141-32-2,Acrylic/PSA,Raman,200-3500 cm-1,"23C, dry air",Bruker Senterra II,SNIP,PubChem,10.1829/81085ece,0.762,0.787,0.67,0.699,0.737,FLAG,
SPEC-00610,Epichlorohydrin,106-89-8,Epoxy,Raman,200-3500 cm-1,"23C, dry air",Thermo DXR3,ALS,SDBS,10.8243/103585e2,0.989,0.902,0.997,0.867,0.944,ACCEPT,
SPEC-00567,Triglycidyl isocyanurate,2451-62-9,Epoxy,Raman,200-3500 cm-1,"Ambient, 785nm laser",Thermo DXR3,ALS,PubChem,10.7298/1a71d97e,0.945,0.912,0.903,0.816,0.903,ACCEPT,
SPEC-00182,2-Ethylhexyl acrylate,103-11-7,Acrylic/PSA,Raman,200-3500 cm-1,"Ambient, 785nm laser",Bruker Senterra II,Rubberband,Open SPECY,10.5201/9c0e72cc,0.752,0.715,0.871,0.739,0.764,ACCEPT,
SPEC-00383,Polypropylene wax,9003-07-0,Hot-melt,FTIR,650-4000 cm-1,"Room temperature, ambient atmosphere",Thermo Nicolet iS50,ALS,SDBS,10.9736/3511bb14,0.83,0.979,0.625,0.983,0.857,ACCEPT,
SPEC-00439,Polyester hot-melt,25038-59-9,Hot-melt,Raman,200-3500 cm-1,"25C, N2 purge",Renishaw inVia,Polynomial (3rd order),PubChem,10.2296/61352e1e,0.933,0.735,0.834,0.829,0.843,ACCEPT,
SPEC-00470,Polyester hot-melt,25038-59-9,Hot-melt,Raman,200-3500 cm-1,"23C, dry air",WITec alpha300,SNIP,Open SPECY,10.2728/7668823b,0.737,0.85,0.631,0.9,0.777,ACCEPT,
SPEC-00181,Isobutyl methacrylate,97-86-9,Acrylic/PSA,Raman,200-3500 cm-1,"Ambient, 785nm laser",Bruker Senterra II,SNIP,PubChem,10.9899/4de739e2,0.772,0.973,0.908,0.709,0.837,ACCEPT,
SPEC-00117,Methyl methacrylate,80-62-6,Acrylic/PSA,Raman,200-3500 cm-1,"Ambient, 785nm laser",Thermo DXR3,Polynomial (3rd order),Open SPECY,10.7626/0a3ce341,0.803,0.784,0.585,0.725,0.739,FLAG,
SPEC-00344,Chloroprene rubber,9010-98-4,Rubber-based,Raman,200-3500 cm-1,"23C, dry air",WITec alpha300,SNIP,Open SPECY,10.9524/c3a9b831,0.757,0.626,0.571,0.979,0.731,FLAG,
SPEC-00784,2-Methoxyethyl cyanoacrylate,27816-23-5,Cyanoacrylate,IR,650-4000 cm-1,"Room temperature, ambient atmosphere",PerkinElmer Spectrum Two,Polynomial (3rd order),PubChem,10.2942/c0b7aac0,0.829,0.857,0.904,0.971,0.879,ACCEPT,
SPEC-00536,Bisphenol A diglycidyl ether,1675-54-3,Epoxy,FTIR,650-4000 cm-1,"25C, N2 purge",Agilent Cary 630,Rubberband,Open SPECY,10.6606/a5762b4d,0.769,0.926,0.816,0.914,0.847,ACCEPT,
SPEC-00437,Polypropylene wax,9003-07-0,Hot-melt,Raman,200-3500 cm-1,"25C, N2 purge",Horiba LabRAM HR,Polynomial (3rd order),NIST WebBook,10.9821/bdc6d246,0.954,0.985,0.64,0.83,0.874,ACCEPT,
SPEC-00556,Novolac epoxy,28064-14-4,Epoxy,Raman,200-3500 cm-1,"Room temperature, ambient atmosphere",Renishaw inVia,ALS,NIST WebBook,10.6172/67661738,0.955,0.605,0.967,0.78,0.835,ACCEPT,
SPEC-00849,2-Methoxyethyl cyanoacrylate,27816-23-5,Cyanoacrylate,Raman,200-3500 cm-1,"Ambient, 785nm laser",Horiba LabRAM HR,Rubberband,SpectraBase,10.9189/5220e070,0.948,0.726,0.917,0.719,0.841,ACCEPT,
SPEC-00931,Isophorone diisocyanate,4098-71-9,Polyurethane,Raman,200-3500 cm-1,"Ambient, 785nm laser",Renishaw inVia,Polynomial (3rd order),NIST WebBook,10.8674/d2f20689,0.714,0.898,0.802,0.937,0.822,ACCEPT,
SPEC-00361,Ethylene-vinyl acetate,24937-78-8,Hot-melt,FTIR,650-4000 cm-1,"Room temperature, ambient atmosphere",Thermo Nicolet iS50,SNIP,Open SPECY,10.6178/c8cd39d5,0.811,0.921,0.752,0.943,0.853,ACCEPT,
SPEC-00421,Hydrogenated rosin,65997-06-0,Hot-melt,Raman,200-3500 cm-1,"23C, dry air",Thermo DXR3,ALS,SDBS,10.5821/716cfa31,0.652,0.67,0.778,0.823,0.716,FLAG,
SPEC-00424,Polyethylene wax,9002-88-4,Hot-melt,Raman,200-3500 cm-1,"Room temperature, ambient atmosphere",Bruker Senterra II,SNIP,SpectraBase,10.5706/aeae8dbb,0.984,0.807,0.554,0.933,0.844,ACCEPT,
SPEC-00467,Polyamide resin,63428-84-2,Hot-melt,Raman,200-3500 cm-1,"Ambient, 785nm laser",Bruker Senterra II,ALS,Open SPECY,10.2310/45b4a4d4,0.862,0.628,0.969,0.683,0.789,ACCEPT,
SPEC-00665,Aminopropyltriethoxysilane,919-30-2,Silicone,FTIR,650-4000 cm-1,"25C, N2 purge",Bruker Vertex 70,Rubberband,SpectraBase,10.5872/128d3220,0.975,0.967,0.685,0.975,0.915,ACCEPT,
SPEC-00512,Triglycidyl isocyanurate,2451-62-9,Epoxy,IR,650-4000 cm-1,"Ambient, KBr pellet",Bruker Vertex 70,Polynomial (3rd order),NIST WebBook,10.3906/1d3e73fd,0.998,0.665,0.678,0.864,0.824,ACCEPT,
SPEC-00717,Polydimethylsiloxane,63148-62-9,Silicone,Raman,200-3500 cm-1,"Ambient, 785nm laser",Renishaw inVia,ALS,Open SPECY,10.3692/6426a016,0.901,0.807,0.581,0.735,0.78,ACCEPT,
SPEC-00128,Butyl acrylate,141-32-2,Acrylic/PSA,Raman,200-3500 cm-1,"23C, dry air",Bruker Senterra II,ALS,NIST WebBook,10.3463/ded781c8,0.765,0.823,0.724,0.701,0.758,ACCEPT,
SPEC-00889,Hexamethylene diisocyanate,822-06-0,Polyurethane,FTIR,650-4000 cm-1,"25C, N2 purge",Agilent Cary 630,Rubberband,NIST WebBook,10.9376/df1feb31,0.749,0.633,0.743,0.847,0.738,FLAG,
SPEC-00839,Octyl cyanoacrylate,16493-40-6,Cyanoacrylate,Raman,200-3500 cm-1,"23C, dry air",Bruker Senterra II,ALS,SpectraBase,10.1051/b768fbea,0.866,0.864,0.764,0.765,0.825,ACCEPT,
SPEC-00515,Cycloaliphatic epoxy,2386-87-0,Epoxy,FTIR,650-4000 cm-1,"25C, N2 purge",JASCO FT/IR-6600,SNIP,SDBS,10.6797/a19afc6e,0.751,0.844,0.692,0.81,0.774,ACCEPT,
SPEC-00315,Styrene-butadiene rubber,9003-55-8,Rubber-based,Raman,200-3500 cm-1,"Ambient, 785nm laser",Horiba LabRAM HR,SNIP,SpectraBase,10.1999/e0822288,0.884,0.923,0.736,0.903,0.868,ACCEPT,
SPEC-00919,Toluene diisocyanate,26471-62-5,Polyurethane,Raman,200-3500 cm-1,"Room temperature, ambient atmosphere",Horiba LabRAM HR,SNIP,Open SPECY,10.2102/4c86e996,0.922,0.659,0.617,0.779,0.767,ACCEPT,
SPEC-00310,Chloroprene rubber,9010-98-4,Rubber-based,Raman,200-3500 cm-1,"23C, dry air",Renishaw inVia,Polynomial (3rd order),SpectraBase,10.7705/9e65ea1c,0.961,0.663,0.596,0.682,0.758,ACCEPT,
SPEC-00017,Butyl acrylate,141-32-2,Acrylic/PSA,IR,650-4000 cm-1,"25C, N2 purge",Thermo Nicolet iS50,Rubberband,NIST WebBook,10.8953/b5edfef8,0.967,0.944,0.582,0.695,0.83,ACCEPT,
SPEC-00373,Polyamide resin,63428-84-2,Hot-melt,IR,650-4000 cm-1,"Ambient, KBr pellet",PerkinElmer Spectrum Two,Rubberband,NIST WebBook,10.4675/d660c01c,0.914,0.613,0.916,0.641,0.785,ACCEPT,
SPEC-00834,Ethyl cyanoacrylate,7085-85-0,Cyanoacrylate,Raman,200-3500 cm-1,"Room temperature, ambient atmosphere",Bruker Senterra II,ALS,Open SPECY,10.8949/10ad31e3,0.782,0.711,0.704,0.834,0.759,ACCEPT,
SPEC-00380,Polypropylene wax,9003-07-0,Hot-melt,FTIR,650-4000 cm-1,"Room temperature, ambient atmosphere",PerkinElmer Spectrum Two,Polynomial (3rd order),SDBS,10.1144/bd1442ea,0.753,0.98,0.828,0.79,0.832,ACCEPT,
SPEC-00015,2-Ethylhexyl acrylate,103-11-7,Acrylic/PSA,IR,650-4000 cm-1,"23C, dry air",Agilent Cary 630,SNIP,SDBS,10.4295/bd23b49d,0.743,0.949,0.74,0.685,0.782,ACCEPT,
SPEC-00591,Bisphenol A diglycidyl ether,1675-54-3,Epoxy,Raman,200-3500 cm-1,"Room temperature, ambient atmosphere",Horiba LabRAM HR,SNIP,Open SPECY,10.8852/abac86e5,0.997,0.893,0.777,0.77,0.882,ACCEPT,
SPEC-00696,Polydimethylsiloxane,63148-62-9,Silicone,Raman,200-3500 cm-1,"23C, dry air",Thermo DXR3,Polynomial (3rd order),Open SPECY,10.8371/e6a330ad,0.679,0.951,0.684,0.835,0.779,ACCEPT,
SPEC-00196,Ethyl acrylate,140-88-5,Acrylic/PSA,Raman,200-3500 cm-1,"25C, N2 purge",Horiba LabRAM HR,SNIP,PubChem,10.8429/77a4a7bd,0.901,0.796,0.955,0.778,0.861,ACCEPT,
SPEC-00215,Isobutyl methacrylate,97-86-9,Acrylic/PSA,Raman,200-3500 cm-1,"Room temperature, ambient atmosphere",Thermo DXR3,ALS,Open SPECY,10.4015/7fc0fc91,0.709,0.918,0.626,0.888,0.78,ACCEPT,
SPEC-00357,Polyethylene wax,9002-88-4,Hot-melt,IR,650-4000 cm-1,"23C, dry air",Bruker Vertex 70,ALS,SDBS,10.7221/fdf0edf6,0.969,0.793,0.806,0.775,0.854,ACCEPT,
SPEC-00222,Nitrile rubber,9003-18-3,Rubber-based,IR,650-4000 cm-1,"Room temperature, ambient atmosphere",Thermo Nicolet iS50,Rubberband,KnowItAll,10.9897/ab57e29e,0.961,0.79,0.571,0.63,0.774,ACCEPT,
